Symbol,Price~,Type,Strike,Expires,DTE,"Bid x Size","Ask x Size",Trade,Size,Side,Premium,Volume,"Open Int",IV,Delta,Code,*,Time
BRK.B,487.92,Call,300,2026-06-18T16:30:00-05:00,10,"186.35 x 199","189.20 x 35",187.8,4000,mid,75120000,4746,6319,0.00%,0,MFSL,N/A,"14:29:27 ET"
MSTR,126.195,Call,125,2026-08-21T16:30:00-05:00,74,"19.35 x 235","20.15 x 71",19.3,29425,bid,56790200,29665,644,83.53%,0.59227581726557,MLFT,SellToOpen,"10:27:57 ET"
MSTR,127.71,Call,125,2026-08-21T16:30:00-05:00,74,"20.10 x 475","21.50 x 297",20.1,22040,bid,44300400,51756,644,84.18%,0.60488146643324,MLFT,N/A,"11:26:02 ET"
BRK.B,487.92,Call,330,2028-01-21T16:30:00-06:00,592,"185.30 x 92","189.00 x 31",187,2000,mid,37400000,5170,10164,30.77%,0.91208039262577,MFSL,N/A,"14:29:27 ET"
TSLA,403.9,Call,400,2028-12-15T16:30:00-06:00,921,"149.00 x 1","149.70 x 19",149,2000,bid,29800000,2071,4146,53.73%,0.71233798512865,MLCT,N/A,"10:57:41 ET"
MU,956.5008,Put,1280,2028-06-16T16:30:00-05:00,739,"624.10 x 140","640.00 x 103",633.28,450,mid,28497600,594,123,86.58%,-0.3512424533,MLET,ToOpen,"11:12:11 ET"
COIN,160.6633,Call,160,2026-08-21T16:30:00-05:00,74,"22.85 x 45","23.40 x 51",23.4,10990,ask,25716500,10998,503,77.79%,0.58256932538408,MLFT,BuyToOpen,"10:36:08 ET"
MU,956.5008,Put,1060,2028-06-16T16:30:00-05:00,739,"462.15 x 150","478.00 x 161",468.87,450,mid,21099100,594,21,86.40%,-0.2906486653,MLET,ToOpen,"11:12:11 ET"
MU,956.5008,Put,1040,2028-06-16T16:30:00-05:00,739,"447.85 x 177","464.00 x 181",456.29,450,mid,20533000,594,154,86.38%,-0.2852366783,MLET,ToOpen,"11:12:11 ET"
TSLA,403.9,Call,600,2028-12-15T16:30:00-06:00,921,"93.75 x 136","94.95 x 100",94.94,2000,mid,18988000,2041,10005,53.07%,0.53010139887068,MLCT,N/A,"10:57:41 ET"
BRK.B,487.92,Call,330,2028-01-21T16:30:00-06:00,592,"185.30 x 92","189.00 x 31",187,1000,mid,18700000,5170,10164,30.77%,0.91208039262577,MFSL,N/A,"14:29:27 ET"
GOOGL,364.965,Call,415,2026-08-21T16:30:00-05:00,74,"9.00 x 36","9.20 x 120",9.2,20000,ask,18400000,56217,817,37.48%,0.26256037004885,MLFT,N/A,"13:31:31 ET"
MCHP,92.15,Call,85,2026-09-18T16:30:00-05:00,102,"13.90 x 764","16.40 x 323",16.25,11000,mid,17875000,11001,12239,60.96%,0.66165757335872,SLCN,N/A,"12:29:05 ET"
BE,253.05,Call,260,2026-06-18T16:30:00-05:00,10,"16.40 x 19","17.45 x 81",17.45,10000,ask,17450000,23471,24594,118.89%,0.48633035827119,MLFT,N/A,"12:36:03 ET"
NVDA,208.39,Call,180,2026-07-24T16:30:00-05:00,46,"32.05 x 7","32.65 x 84",32.33,5250,mid,16973200,5265,5,45.18%,0.84671128528827,MLCT,ToOpen,"12:37:58 ET"
CLSK,16.83,Call,5,2026-06-18T16:30:00-05:00,10,"10.25 x 2264","11.95 x 671",11.7,14265,mid,16690000,14265,19652,0.00%,0,TLCT,N/A,"13:48:35 ET"
BRK.B,487.92,Call,540,2028-01-21T16:30:00-06:00,592,"39.90 x 167","42.45 x 38",41.2,4000,mid,16480000,5173,10665,19.93%,0.48961523142458,MFSL,N/A,"14:29:27 ET"
BE,253.05,Call,275,2026-06-26T16:30:00-05:00,18,"15.60 x 323","17.10 x 262",16,10000,mid,16000000,21505,145,110.16%,0.41665586425801,MLFT,N/A,"12:36:03 ET"
NVDA,209.135,Call,260,2028-01-21T16:30:00-06:00,592,"36.35 x 418","36.75 x 593",36.39,4000,mid,14556000,4022,4264,46.13%,0.51145854235918,TLCT,N/A,"14:45:41 ET"
MSTR,127.12,Put,220,2026-06-18T16:30:00-05:00,10,"91.60 x 227","94.45 x 128",92.85,1525,mid,14159600,1525,1980,154.97%,-0.9804803696,SLFT,N/A,"15:47:34 ET"
DELL,404.19,Put,420,2027-12-17T16:30:00-06:00,557,"136.50 x 12","141.50 x 7",139.33,1000,mid,13933000,1000,11,72.60%,-0.3313941568,MLCT,ToOpen,"11:36:22 ET"
MU,956.5008,Put,820,2028-06-16T16:30:00-05:00,739,"302.15 x 145","312.20 x 96",307.18,450,mid,13823100,594,81,85.98%,-0.2205708354,MLET,ToOpen,"11:12:11 ET"
SNDK,1617.64,Call,1500,2027-01-15T16:30:00-06:00,221,"583.20 x 4","597.40 x 6",590.42,224,mid,13225400,510,1207,108.98%,0.70543515937325,MLET,N/A,"09:57:38 ET"
MU,952.1,Put,1500,2028-12-15T16:30:00-06:00,921,"830.00 x 29","848.00 x 98",834,150,mid,12510000,150,172,86.24%,-0.3752535075,SLFT,N/A,"12:42:58 ET"
CRWV,102.3325,Call,115,2026-07-17T16:30:00-05:00,39,"6.90 x 316","7.20 x 256",7,17500,mid,12250000,20308,4209,87.01%,0.39966840710908,SLFT,ToOpen,"15:51:17 ET"
SNDK,1617.64,Call,1650,2027-01-15T16:30:00-06:00,221,"528.10 x 1","544.20 x 1",536.02,224,mid,12006800,510,138,108.67%,0.66512400069519,MLET,N/A,"09:57:38 ET"
ADSK,228.94,Call,190,2027-03-19T16:30:00-05:00,284,"58.50 x 26","64.30 x 27",60.7,1903,mid,11551200,1903,1,48.36%,0.76379229605625,MLFT,ToOpen,"09:58:38 ET"
RCL,274.01,Put,250,2026-09-18T16:30:00-05:00,102,"17.30 x 11","18.30 x 11",17.58,6500,mid,11426900,6519,10255,52.44%,-0.3134837721,MLCT,N/A,"14:07:55 ET"
NVDA,209.64,Call,190,2026-09-18T16:30:00-05:00,102,"31.50 x 459","31.75 x 113",31.55,3500,mid,11042500,3690,99361,45.66%,0.7158606897373,SLCN,N/A,"12:19:08 ET"
ADSK,228.94,Call,195,2027-03-19T16:30:00-05:00,284,"54.00 x 30","59.80 x 29",57.6,1903,mid,10961200,1903,0,45.93%,0.74873452925697,MLFT,ToOpen,"09:58:38 ET"
MSFT,411.43,Call,460,2026-08-21T16:30:00-05:00,74,"10.80 x 18","10.90 x 1",10.9,10000,ask,10900000,52590,6694,36.35%,0.28554138871155,MLFT,N/A,"13:49:50 ET"
MSFT,410.335,Call,460,2026-08-21T16:30:00-05:00,74,"10.40 x 2","10.55 x 53",10.55,10000,ask,10550000,37780,6694,36.04%,0.27790565894585,MLFT,N/A,"13:39:13 ET"
XOM,151.42,Put,170,2028-12-15T16:30:00-06:00,921,"33.20 x 350","36.20 x 349",34.15,3000,mid,10245000,3000,408,28.83%,-0.4868840265,MLFT,ToOpen,"11:58:35 ET"
GOOGL,362.78,Call,425,2027-12-17T16:30:00-06:00,557,"53.40 x 241","54.10 x 48",54.1,1886,ask,10203200,1930,262,38.66%,0.50745550308703,AUTO,BuyToOpen,"11:47:25 ET"
STX,880.37,Put,860,2026-09-18T16:30:00-05:00,102,"146.10 x 1","146.20 x 111",146.2,691,ask,10102400,796,8,87.19%,-0.3834279094,AUTO,BuyToOpen,"10:37:22 ET"
AMD,491.35,Call,260,2026-09-18T16:30:00-05:00,102,"237.10 x 266","243.65 x 197",237.83,400,mid,9513200,401,6597,86.57%,0.94972288706018,MLFT,N/A,"11:25:14 ET"
MU,955.72,Call,740,2027-06-17T16:30:00-05:00,374,"423.05 x 196","436.70 x 310",430.33,221,mid,9510200,288,2942,90.69%,0.78182527466403,MLET,N/A,"12:44:42 ET"
SNDK,1617.64,Call,1500,2027-01-15T16:30:00-06:00,221,"580.10 x 6","596.10 x 5",588.1,160,mid,9409600,510,1207,108.98%,0.70543515937325,MLET,N/A,"09:57:53 ET"
SNDK,1617.64,Call,1650,2027-01-15T16:30:00-06:00,221,"525.70 x 7","541.70 x 5",533.7,160,mid,8539200,510,138,108.67%,0.66512400069519,MLET,N/A,"09:57:53 ET"
MU,955.72,Call,850,2027-06-17T16:30:00-05:00,374,"381.65 x 69","387.80 x 118",384.33,221,mid,8493600,271,712,90.99%,0.73520085475584,MLET,N/A,"12:44:42 ET"
MSFT,409.86,Call,460,2026-08-21T16:30:00-05:00,74,"10.00 x 21","10.10 x 27",10.06,8332,mid,8381900,17117,6694,35.68%,0.27300688268869,MLET,N/A,"13:28:20 ET"
GOOGL,364.965,Call,450,2026-08-21T16:30:00-05:00,74,"4.15 x 1","4.30 x 28",4.15,20000,bid,8300000,36699,41255,38.81%,0.1420776459445,MLFT,N/A,"13:31:31 ET"
MSTR,127.12,Put,240,2026-06-18T16:30:00-05:00,10,"111.60 x 223","114.00 x 132",112.75,725,mid,8174300,725,723,0.00%,0,SLFT,ToOpen,"15:47:34 ET"
NVDA,208.375,Call,180,2026-07-24T16:30:00-05:00,46,"31.35 x 194","32.00 x 10",31.64,2500,mid,7910000,7765,5,44.53%,0.84954599561237,MLCT,N/A,"13:27:50 ET"
FSLR,278.805,Call,340,2027-06-17T16:30:00-05:00,374,"52.55 x 16","54.15 x 1460",54.15,1460,ask,7905900,1500,2013,63.40%,0.52920370850724,AUTO,N/A,"13:22:57 ET"
XOM,151.42,Put,160,2028-01-21T16:30:00-06:00,592,"23.80 x 485","25.35 x 29",25.35,3000,ask,7605000,3000,6151,28.33%,-0.467207397,MLFT,N/A,"11:58:35 ET"
BRK.B,487.92,Call,330,2028-01-21T16:30:00-06:00,592,"185.30 x 92","189.00 x 31",187,400,mid,7480000,5170,10164,30.77%,0.91208039262577,MFSL,N/A,"14:29:27 ET"
BRK.B,487.92,Call,330,2028-01-21T16:30:00-06:00,592,"185.30 x 92","189.00 x 31",187,400,mid,7480000,5170,10164,30.77%,0.91208039262577,MFSL,N/A,"14:29:27 ET"
ASML,1738.745,Put,1900,2027-01-15T16:30:00-06:00,221,"373.80 x 16","379.90 x 5",373.65,200,bid,7473000,200,2,55.52%,-0.4852274266,TLFT,SellToOpen,"15:52:10 ET"
DELL,404.19,Put,420,2026-09-18T16:30:00-05:00,102,"73.10 x 91","76.20 x 77",74.33,1000,mid,7433000,1000,106,78.33%,-0.448469396,MLCT,ToOpen,"11:36:22 ET"
MRVL,299.3501,Call,300,2026-09-18T16:30:00-05:00,102,"67.85 x 22","69.15 x 36",67.84,1025,bid,6953600,4899,1132,108.72%,0.61818432841435,MFSL,N/A,"10:39:58 ET"
WBD,26.475,Call,28,2026-08-21T16:30:00-05:00,74,"1.10 x 5","1.30 x 23",1.1,61047,bid,6715100,61245,70100,35.40%,0.41122758433178,TLCT,N/A,"15:54:35 ET"
XOM,151.42,Call,170,2028-12-15T16:30:00-06:00,921,"20.35 x 345","23.70 x 519",21.65,3000,mid,6494900,3117,1017,29.58%,0.49537978770023,MLFT,ToOpen,"11:58:35 ET"
COIN,159.875,Call,200,2027-06-17T16:30:00-05:00,374,"35.45 x 231","39.00 x 40",39,1640,ask,6396000,1659,0,77.73%,0.56316305037621,AUTO,BuyToOpen,"10:29:15 ET"
XOM,151.42,Call,160,2028-01-21T16:30:00-06:00,592,"19.15 x 486","21.05 x 460",21.05,3000,ask,6315000,3001,7838,30.33%,0.51915397534614,MLFT,N/A,"11:58:35 ET"
NVDA,209.135,Call,220,2026-09-18T16:30:00-05:00,102,"15.55 x 375","15.70 x 119",15.67,4000,mid,6268000,5974,28469,43.90%,0.47678803971827,TLCT,N/A,"14:45:41 ET"
AAPL,308.97,Call,260,2026-07-17T16:30:00-05:00,39,"50.15 x 291","52.50 x 365",51.52,1198,mid,6172000,1461,20194,37.83%,0.9310589416578,MLAT,N/A,"13:55:48 ET"
MU,931.3,Call,900,2027-01-15T16:30:00-06:00,221,"276.40 x 163","283.10 x 3",279.75,220,mid,6154500,254,4439,93.05%,0.66991055170175,MLET,N/A,"10:23:53 ET"
MU,954.27,Call,927.5,2026-06-18T16:30:00-05:00,10,"77.85 x 18","81.25 x 102",78.98,765,mid,6041900,1813,0,105.52%,0.60096204740331,MLET,N/A,"13:59:16 ET"
AAPL,308.895,Call,260,2026-07-17T16:30:00-05:00,39,"49.05 x 264","51.30 x 416",50.21,1200,mid,6025200,2663,20194,29.47%,0.96920576570515,MLET,N/A,"13:59:22 ET"
NVDA,206.502,Call,200,2026-06-12T16:30:00-05:00,4,"9.00 x 48","9.10 x 200",9.1,6576,ask,5984100,20514,22818,52.89%,0.72997208499762,AUTO,N/A,"09:55:57 ET"
MU,954.27,Call,930,2026-06-18T16:30:00-05:00,10,"76.50 x 18","78.75 x 92",77.63,765,mid,5938600,2214,588,105.39%,0.59502985695707,MLET,N/A,"13:59:16 ET"
PTC,138.18,Call,120,2027-01-15T16:30:00-06:00,221,"25.60 x 8","28.60 x 15",27.1,2187,mid,5926700,2192,2,39.06%,0.75542401090456,MLET,ToOpen,"10:00:18 ET"
CSCO,125.02,Put,150,2028-01-21T16:30:00-06:00,592,"37.65 x 400","39.65 x 15",38.8,1500,mid,5819900,1500,48,41.81%,-0.5178378148,SLCN,ToOpen,"12:59:46 ET"
MU,935.31,Put,820,2026-07-17T16:30:00-05:00,39,"64.85 x 144","66.50 x 70",64.4,900,bid,5796000,1282,925,101.53%,-0.2835407938,TLFT,N/A,"15:35:42 ET"
COIN,161.8,Put,340,2026-06-18T16:30:00-05:00,10,"174.90 x 311","179.80 x 246",175.6,330,mid,5794800,331,288,0.00%,0,MLFT,ToOpen,"15:22:45 ET"
MU,931.3,Call,950,2027-01-15T16:30:00-06:00,221,"260.75 x 116","264.90 x 10",262.82,220,mid,5782000,266,1864,92.86%,0.64219025347137,MLET,N/A,"10:23:53 ET"
MSFT,411.215,Call,460,2026-08-21T16:30:00-05:00,74,"10.80 x 16","10.85 x 4",11.27,5000,ask,5635000,65763,6694,36.04%,0.28238950653032,MLFT,N/A,"13:58:29 ET"
MU,934.28,Put,780,2026-08-21T16:30:00-05:00,74,"79.80 x 265","82.25 x 207",80.55,675,mid,5437100,699,315,96.92%,-0.2591568825,TLFT,ToOpen,"15:36:14 ET"
ZS,129.315,Put,310,2026-06-18T16:30:00-05:00,10,"179.25 x 432","182.25 x 220",181.1,300,mid,5433000,300,312,217.47%,-0.9906241008,SLFT,N/A,"15:47:48 ET"
COIN,162.06,Put,340,2026-06-18T16:30:00-05:00,10,"174.90 x 367","179.80 x 280",177.25,300,mid,5317500,631,288,225.67%,-0.965636753,SLFT,N/A,"15:46:57 ET"
STX,870.025,Call,800,2027-01-15T16:30:00-06:00,221,"264.00 x 4","275.00 x 21",264.92,200,mid,5298400,200,261,89.04%,0.68923197012639,SLAN,N/A,"09:37:45 ET"
GOOGL,365.3601,Call,300,2026-07-17T16:30:00-05:00,39,"66.00 x 5","66.05 x 200",66,800,bid,5280000,1726,13815,38.41%,0.95153687090802,AUTO,N/A,"09:30:01 ET"
PTC,138.18,Call,125,2027-01-15T16:30:00-06:00,221,"22.50 x 9","25.50 x 8",24,2187,mid,5248800,2192,1,38.67%,0.71223132632054,MLET,ToOpen,"10:00:18 ET"
OWL,9.445,Put,11,2026-08-21T16:30:00-05:00,74,"2.05 x 26","2.15 x 310",2.07,25000,mid,5174900,25001,72617,59.98%,-0.6685699185,MLCT,N/A,"15:00:24 ET"
BABA,121.32,Put,125,2026-09-18T16:30:00-05:00,102,"12.70 x 38","13.35 x 222",12.92,4000,mid,5168000,4000,6833,43.55%,-0.5008130729,MLCT,N/A,"11:26:21 ET"
MU,934.28,Put,650,2027-06-17T16:30:00-05:00,374,"139.95 x 249","147.05 x 267",139.95,360,bid,5038100,362,329,89.39%,-0.1878697443,TLFT,SellToOpen,"15:37:00 ET"
NET,250.725,Call,290,2027-01-15T16:30:00-06:00,221,"40.00 x 123","43.15 x 152",41.28,1200,mid,4953600,1206,2686,68.19%,0.51365550541813,MLFT,N/A,"10:56:54 ET"
COIN,160.6633,Call,170,2026-06-18T16:30:00-05:00,10,"4.55 x 1","4.75 x 95",4.5,10990,bid,4945500,11287,13322,77.56%,0.35638232497791,MLFT,N/A,"10:36:08 ET"
MRVL,299.3501,Call,230,2026-07-17T16:30:00-05:00,39,"80.60 x 135","83.10 x 63",82.09,600,mid,4925400,3686,4314,109.09%,0.82330808116744,MFSL,N/A,"10:39:58 ET"
BE,255.2799,Put,240,2026-07-17T16:30:00-05:00,39,"27.55 x 37","27.70 x 1",27.55,1787,bid,4923100,1985,501,108.77%,-0.3592774533,AUTO,SellToOpen,"11:48:55 ET"
GLW,187.065,Put,150,2026-09-18T16:30:00-05:00,102,"12.45 x 19","13.55 x 242",12.72,3870,mid,4922600,5466,1576,80.57%,-0.226788139,MFSL,ToOpen,"10:14:22 ET"
MU,949.72,Put,890,2028-01-21T16:30:00-06:00,592,"320.45 x 120","327.95 x 104",327.95,150,ask,4919200,150,170,87.43%,-0.2599154071,AUTO,N/A,"13:35:59 ET"
ZS,129.315,Put,250,2026-06-18T16:30:00-05:00,10,"119.95 x 289","122.30 x 214",121.1,400,mid,4844000,400,456,203.81%,-0.9647374633,SLFT,N/A,"15:47:48 ET"
FICO,1218.875,Call,1100,2026-08-21T16:30:00-05:00,74,"191.50 x 7","208.00 x 8",189.9,250,bid,4747500,250,277,60.87%,0.70503574438902,TLFT,N/A,"10:48:43 ET"
AMZN,245.54,Put,300,2028-01-21T16:30:00-06:00,592,"72.20 x 166","73.60 x 155",72.45,650,mid,4709200,650,341,36.87%,-0.5700404174,TLFT,ToOpen,"13:05:27 ET"
NET,251.675,Call,400,2028-01-21T16:30:00-06:00,592,"45.50 x 80","49.00 x 33",47,1000,mid,4700000,1000,4,63.28%,0.46242936935204,SLCN,ToOpen,"10:48:47 ET"
AMD,482.4825,Put,300,2028-01-21T16:30:00-06:00,592,"51.10 x 17","58.80 x 6",54.43,847,mid,4610200,1000,902,71.09%,-0.1517004139,MLET,N/A,"09:30:13 ET"
MSFT,411.56,Put,440,2027-01-15T16:30:00-06:00,221,"54.55 x 42","54.95 x 1",54.55,845,bid,4609400,910,3405,33.05%,-0.5371617601,AUTO,N/A,"13:55:32 ET"
CRCL,82.935,Call,110,2027-06-17T16:30:00-05:00,374,"21.55 x 689","22.70 x 6",22.4,2054,mid,4600900,2304,1037,88.19%,0.56916560123441,AUTO,ToOpen,"14:44:45 ET"
GLW,187.065,Call,195,2026-09-18T16:30:00-05:00,102,"27.90 x 265","30.65 x 89",29.82,1530,mid,4562400,3646,497,81.30%,0.55406025483567,MFSL,N/A,"10:14:22 ET"
GLW,187.75,Call,220,2027-01-15T16:30:00-06:00,221,"34.55 x 154","35.60 x 95",35,1300,mid,4550000,2305,777,77.81%,0.52711272568584,TLCT,N/A,"13:08:16 ET"
CVNA,69.21,Call,64,2026-06-18T16:30:00-05:00,10,"6.40 x 229","7.00 x 32",6.5,7000,mid,4550000,7000,7687,79.01%,0.74904743715278,MLFT,N/A,"11:53:29 ET"
BRK.B,486.83,Call,290,2026-06-18T16:30:00-05:00,10,"196.40 x 166","198.90 x 636",197.4,230,mid,4540200,264,860,146.80%,0.9880068833948,MLET,N/A,"13:35:32 ET"
CLS,386.02,Call,450,2026-08-21T16:30:00-05:00,74,"35.00 x 67","39.60 x 46",37.02,1200,mid,4442400,1201,1016,84.94%,0.42459963658578,MLFT,ToOpen,"11:04:48 ET"
TTWO,210.45,Call,200,2026-07-17T16:30:00-05:00,39,"16.80 x 53","18.10 x 32",17.75,2500,mid,4437500,2505,118,40.92%,0.68345732307385,TLCT,ToOpen,"13:00:09 ET"
GOOG,358.8401,Call,360,2026-07-17T16:30:00-05:00,39,"15.10 x 1","15.65 x 56",15.15,2880,mid,4363200,4232,5045,32.22%,0.52274830922008,SLAN,N/A,"10:06:55 ET"
AMD,482.4825,Put,380,2027-01-15T16:30:00-06:00,221,"46.50 x 95","52.00 x 134",49.71,847,mid,4210400,1000,4196,72.13%,-0.2301161894,MLET,N/A,"09:30:13 ET"
PACS,35.29,Call,15,2027-01-15T16:30:00-06:00,221,"20.70 x 500","22.30 x 438",21,2000,mid,4200000,2000,6481,93.35%,0.94210964503616,AUTO,N/A,"12:13:40 ET"
MSTR,127.12,Put,245,2026-06-18T16:30:00-05:00,10,"116.60 x 339","119.50 x 196",118.2,350,mid,4137000,541,348,165.77%,-0.9907913285,SLFT,N/A,"15:47:34 ET"
AVGO,398.6,Call,500,2028-01-21T16:30:00-06:00,592,"82.00 x 83","83.25 x 71",82.5,500,mid,4125000,541,1595,54.41%,0.53198620187744,TLFT,N/A,"11:43:44 ET"
ASML,1762.36,Call,1900,2027-01-15T16:30:00-06:00,221,"264.90 x 15","272.80 x 8",272,150,mid,4080000,200,34,57.05%,0.5362232048126,SLFT,ToOpen,"11:46:21 ET"
DDOG,234.825,Call,160,2026-08-21T16:30:00-05:00,74,"79.00 x 96","81.35 x 489",81.35,500,ask,4067500,500,502,83.70%,0.89001472592987,AUTO,N/A,"09:45:26 ET"
ORCL,214.145,Put,200,2027-03-19T16:30:00-05:00,284,"35.10 x 402","37.00 x 269",36.78,1100,mid,4045800,2200,757,62.47%,-0.3329834045,MLCT,N/A,"11:07:37 ET"
ORCL,214.145,Put,200,2027-03-19T16:30:00-05:00,284,"35.10 x 402","37.00 x 269",36.77,1100,mid,4044700,2200,757,62.47%,-0.3329834045,MLCT,N/A,"11:07:37 ET"
AMD,490.0504,Put,500,2027-06-17T16:30:00-05:00,374,"131.85 x 231","135.95 x 100",133.5,300,mid,4005000,339,742,71.16%,-0.3583977818,MLFT,N/A,"11:47:00 ET"
NVDA,208.5,Put,205,2026-08-21T16:30:00-05:00,74,"13.20 x 130","13.40 x 189",13.35,3000,mid,4005000,3096,10290,41.78%,-0.4151886686,TLCT,N/A,"09:51:22 ET"
PDD,82.79,Put,115,2026-06-18T16:30:00-05:00,10,"31.75 x 452","32.95 x 266",32.45,1230,mid,3991300,1232,3914,105.95%,-0.9654340867,MLFT,N/A,"15:22:27 ET"
MU,934.81,Call,930,2026-06-12T16:30:00-05:00,4,"49.15 x 15","49.20 x 68",49.2,810,ask,3985200,2989,696,118.02%,0.54248144084889,AUTO,N/A,"10:26:21 ET"
ORCL,214.145,Put,140,2027-03-19T16:30:00-05:00,284,"10.85 x 557","12.05 x 232",12.05,3300,ask,3976500,3300,5784,63.80%,-0.1414623263,MLCT,N/A,"11:07:37 ET"
OKLO,59.33,Put,75,2026-12-18T16:30:00-06:00,193,"25.95 x 511","26.80 x 83",26.5,1500,mid,3975000,1504,194,96.95%,-0.4873934532,SLCN,ToOpen,"11:58:40 ET"
NOW,114.23,Put,115,2027-06-17T16:30:00-05:00,374,"26.50 x 446","27.80 x 575",26.5,1500,bid,3975000,1507,700,63.69%,-0.3640329602,MLCT,SellToOpen,"12:05:49 ET"
GOOG,362.36,Call,285,2027-03-19T16:30:00-05:00,284,"96.90 x 82","98.45 x 80",98.45,400,ask,3938000,400,457,38.46%,0.8297607798684,AUTO,N/A,"09:31:23 ET"
MU,948.13,Call,940,2026-06-12T16:30:00-05:00,4,"45.95 x 17","46.00 x 90",46,851,ask,3914600,5656,743,112.64%,0.55381542681659,AUTO,N/A,"10:49:20 ET"
MU,939.26,Call,940,2026-06-12T16:30:00-05:00,4,"44.00 x 3","44.05 x 97",44.05,888,ask,3911600,8157,743,113.71%,0.52239891514306,AUTO,N/A,"15:03:35 ET"
OWL,9.445,Put,12,2026-06-18T16:30:00-05:00,10,"2.50 x 1273","2.60 x 318",2.59,15060,mid,3900500,15961,18392,82.70%,-0.9522398455,MLCT,N/A,"15:00:24 ET"
BABA,121.32,Call,125,2026-09-18T16:30:00-05:00,102,"9.50 x 60","9.75 x 5",9.72,4000,mid,3888000,4009,2724,43.85%,0.49387691623303,MLCT,ToOpen,"11:26:21 ET"
BRK.B,486.83,Call,330,2028-01-21T16:30:00-06:00,592,"184.95 x 3","188.45 x 87",186.67,208,mid,3882700,1095,10164,31.31%,0.9084992543524,MLET,N/A,"13:35:32 ET"
LASR,68.15,Put,40,2026-12-18T16:30:00-06:00,193,"4.60 x 109","5.80 x 36",5.1,7514,mid,3832100,7526,40,104.78%,-0.1351442231,SLFT,ToOpen,"11:21:19 ET"
COIN,162.06,Put,290,2026-06-18T16:30:00-05:00,10,"124.70 x 356","129.80 x 276",127.45,300,mid,3823500,680,319,0.00%,0,SLFT,N/A,"15:46:57 ET"
MU,932.8606,Call,890,2026-08-21T16:30:00-05:00,74,"186.45 x 68","190.00 x 200",190,200,ask,3800000,329,1800,100.41%,0.63542938677785,AUTO,N/A,"09:38:23 ET"
LLY,1173.425,Call,1000,2026-08-21T16:30:00-05:00,74,"198.85 x 13","208.05 x 56",203.1,187,mid,3797900,313,409,44.02%,0.82492751604199,AUTO,N/A,"09:58:21 ET"
STX,893.46,Call,880,2027-06-17T16:30:00-05:00,374,"315.00 x 26","315.00 x 15",315,120,ask,3780000,126,19,85.64%,0.68654648664402,AUTO,BuyToOpen,"11:10:17 ET"
AVGO,396.53,Put,400,2028-01-21T16:30:00-06:00,592,"93.65 x 68","95.85 x 236",94.42,400,mid,3776800,409,4672,52.29%,-0.3572559227,MLFT,N/A,"10:43:24 ET"
BRK.B,487.92,Call,330,2028-01-21T16:30:00-06:00,592,"185.30 x 92","189.00 x 31",187,200,mid,3740000,5170,10164,30.77%,0.91208039262577,MFSL,N/A,"14:29:27 ET"
MU,943.64,Put,1030,2026-07-17T16:30:00-05:00,39,"171.05 x 232","176.45 x 225",174.05,211,mid,3672400,223,460,100.39%,-0.5377970059,AUTO,N/A,"15:53:50 ET"
GOOGL,363.78,Call,365,2027-06-17T16:30:00-05:00,374,"61.00 x 531","63.20 x 142",61,600,bid,3660000,1114,1196,38.11%,0.6090527168379,AUTO,N/A,"09:48:25 ET"
NOW,114.23,Put,100,2028-01-21T16:30:00-06:00,592,"23.30 x 493","24.20 x 64",24.18,1500,mid,3627000,1508,4784,62.90%,-0.2693918509,MLCT,N/A,"12:05:49 ET"
BSX,48.75,Put,105,2026-06-18T16:30:00-05:00,10,"55.70 x 478","57.30 x 656",55.7,650,bid,3620500,650,816,243.25%,-0.9574811459,MLFT,N/A,"15:22:16 ET"
MU,954.26,Put,850,2026-12-18T16:30:00-06:00,193,"179.10 x 221","183.40 x 234",181,200,mid,3620000,313,247,92.85%,-0.2979473389,TLFT,N/A,"12:25:51 ET"
COIN,161.8,Put,270,2026-06-18T16:30:00-05:00,10,"105.20 x 316","109.80 x 254",105.2,340,bid,3576800,342,341,0.00%,0,MLFT,N/A,"15:22:45 ET"
DAL,78.75,Put,75,2026-09-18T16:30:00-05:00,102,"5.10 x 15","5.20 x 12",5.1,7000,bid,3570000,7088,1074,43.78%,-0.3616328378,TLCT,SellToOpen,"15:41:43 ET"
WULF,25.5,Call,20,2026-12-18T16:30:00-06:00,193,"8.90 x 1599","9.90 x 730",8.9,3997,bid,3557300,4010,27587,113.55%,0.7180633711791,TLCT,N/A,"11:40:27 ET"
AAPL,313.81,Call,320,2028-12-15T16:30:00-06:00,921,"67.75 x 23","69.00 x 11",68.47,518,mid,3546700,568,2280,29.85%,0.64881073058973,MLAT,N/A,"12:24:40 ET"
SNOW,242.85,Put,270,2026-12-18T16:30:00-06:00,193,"58.85 x 46","59.50 x 1",59,600,mid,3540000,606,127,64.36%,-0.4879166917,TLFT,ToOpen,"11:08:14 ET"
MU,948.255,Call,800,2026-07-02T16:30:00-05:00,24,"189.20 x 186","192.75 x 334",189.2,186,bid,3519100,229,93,108.28%,0.77624004075005,AUTO,SellToOpen,"11:01:41 ET"
MU,948.255,Put,900,2026-06-18T16:30:00-05:00,10,"41.50 x 34","42.50 x 269",42.5,827,ask,3514700,3951,6159,104.70%,-0.3472128753,AUTO,N/A,"11:02:21 ET"
CHTR,131.69,Put,220,2026-06-18T16:30:00-05:00,10,"87.10 x 298","90.50 x 67",87.6,400,mid,3504000,400,346,168.87%,-0.9568593455,MLFT,ToOpen,"15:22:49 ET"
GLW,187.0601,Call,220,2027-01-15T16:30:00-06:00,221,"34.00 x 192","35.20 x 62",35,1000,mid,3500000,2405,777,77.61%,0.52415749240374,CNCO,N/A,"13:20:10 ET"
GLW,187.75,Call,220,2027-01-15T16:30:00-06:00,221,"34.55 x 208","35.60 x 111",35,1000,mid,3500000,2305,777,77.81%,0.52711272568584,TLCT,N/A,"13:05:33 ET"
AAPL,313.81,Call,260,2027-01-15T16:30:00-06:00,221,"67.15 x 55","67.90 x 127",67.42,518,mid,3492300,542,9693,32.34%,0.82885521909505,MLAT,N/A,"12:24:40 ET"
COIN,161.8,Put,290,2026-06-18T16:30:00-05:00,10,"124.70 x 238","129.80 x 170",124.7,280,bid,3491600,380,319,0.00%,0,MLFT,N/A,"15:22:45 ET"
MRVL,299.3501,Call,230,2026-07-17T16:30:00-05:00,39,"80.60 x 135","83.10 x 63",82.09,425,mid,3488800,3686,4314,109.09%,0.82330808116744,MFSL,N/A,"10:39:58 ET"
AMD,481.78,Put,400,2026-09-18T16:30:00-05:00,102,"32.10 x 65","36.35 x 60",34.83,1000,mid,3483000,1000,3759,74.58%,-0.2448889618,MLET,N/A,"09:30:07 ET"
RCL,274.01,Call,290,2026-07-17T16:30:00-05:00,39,"11.40 x 2","12.00 x 11",11.51,3000,mid,3453000,3013,4461,50.30%,0.39930883991263,MLCT,N/A,"14:07:55 ET"
MSTR,127.12,Put,300,2026-06-18T16:30:00-05:00,10,"171.65 x 195","173.85 x 124",172.55,200,mid,3451000,380,206,0.00%,0,SLFT,N/A,"15:47:34 ET"
NVDA,206.502,Call,200,2026-06-12T16:30:00-05:00,4,"9.50 x 197","9.55 x 444",9.55,3612,ask,3449400,20514,22818,52.89%,0.72997208499762,AUTO,N/A,"09:55:20 ET"
CVNA,69.65,Call,67,2026-06-18T16:30:00-05:00,10,"4.80 x 74","5.30 x 72",4.9,7000,mid,3430000,14011,253,75.94%,0.64781459878284,MLFT,N/A,"14:35:05 ET"
AMD,481.78,Put,320,2027-03-19T16:30:00-05:00,284,"32.60 x 56","38.75 x 118",34.12,1000,mid,3412000,1000,1094,72.37%,-0.159148147,MLET,N/A,"09:30:07 ET"
ABVX,103.535,Put,60,2028-01-21T16:30:00-06:00,592,"9.50 x 18","14.00 x 7",11.3,3009,mid,3400100,3761,8,77.25%,-0.1369430569,SLFT,ToOpen,"11:25:17 ET"
MU,928.57,Put,850,2026-06-18T16:30:00-05:00,10,"30.40 x 1114","30.75 x 10",30.4,1114,bid,3386500,2465,4180,106.19%,-0.2756584768,AUTO,N/A,"10:11:51 ET"
FSLR,285.38,Call,460,2028-01-21T16:30:00-06:00,592,"47.50 x 61","51.45 x 1",49,688,mid,3371200,688,1118,60.17%,0.4371003020188,MLFT,N/A,"09:30:46 ET"
CVNA,69.21,Call,67,2026-06-18T16:30:00-05:00,10,"4.45 x 197","4.80 x 9",4.8,7000,ask,3360000,7008,253,74.92%,0.62997065145644,MLFT,BuyToOpen,"11:53:29 ET"
MU,957.3775,Call,950,2026-06-12T16:30:00-05:00,4,"48.90 x 6","49.65 x 67",49.65,676,ask,3356300,9395,2824,116.85%,0.55076617536044,AUTO,N/A,"11:39:00 ET"
FROG,86.755,Call,75,2026-09-18T16:30:00-05:00,102,"19.70 x 23","20.20 x 9",20.2,1655,ask,3343100,1693,302,76.24%,0.72185407089544,AUTO,BuyToOpen,"13:07:04 ET"
GLW,187.065,Call,260,2026-09-18T16:30:00-05:00,102,"12.60 x 97","13.85 x 22",12.94,2580,mid,3338500,3648,222,84.04%,0.3081582509779,MFSL,ToOpen,"10:14:22 ET"
AMD,481.78,Put,330,2027-01-15T16:30:00-06:00,221,"26.30 x 30","34.95 x 32",32.81,1000,mid,3281000,1000,1951,73.20%,-0.1628186424,MLET,N/A,"09:30:04 ET"
AAPL,304.515,Call,260,2026-07-17T16:30:00-05:00,39,"45.80 x 266","48.25 x 248",47.1,692,mid,3259300,3790,20194,34.62%,0.93085626724809,MLAT,N/A,"14:26:26 ET"
SATS,115.505,Put,120,2026-07-17T16:30:00-05:00,39,"15.80 x 34","16.60 x 68",16.15,1998,mid,3226700,2018,9577,90.43%,-0.4887043737,SLAN,N/A,"11:36:16 ET"
CRCL,82.2699,Put,100,2026-12-18T16:30:00-06:00,193,"31.60 x 3","32.00 x 12",31.8,1000,mid,3180000,1000,2082,88.73%,-0.4864419434,SLCN,N/A,"10:43:14 ET"
CCL,27.1901,Put,25,2027-01-15T16:30:00-06:00,221,"2.99 x 520","3.20 x 296",3.16,10000,mid,3160000,10001,8204,52.05%,-0.3311191182,TLCT,ToOpen,"11:48:57 ET"
AMD,481.78,Put,290,2027-06-17T16:30:00-05:00,374,"29.35 x 85","38.20 x 13",31.36,1000,mid,3136000,1000,346,72.26%,-0.1347861551,MLET,ToOpen,"09:30:04 ET"
NVDA,206.502,Call,200,2026-06-12T16:30:00-05:00,4,"9.75 x 71","9.80 x 800",9.8,3199,ask,3135000,20514,22818,52.89%,0.72997208499762,AUTO,N/A,"09:54:50 ET"
GLW,187.065,Call,195,2026-09-18T16:30:00-05:00,102,"27.90 x 265","30.65 x 89",29.82,1050,mid,3131100,3646,497,81.30%,0.55406025483567,MFSL,N/A,"10:14:22 ET"
MU,958.93,Call,980,2026-08-21T16:30:00-05:00,74,"161.65 x 165","162.90 x 190",162.9,190,ask,3095100,312,388,98.31%,0.5748669466874,AUTO,N/A,"12:12:16 ET"
ARM,360.49,Call,350,2026-12-18T16:30:00-06:00,193,"101.75 x 115","104.70 x 54",102.99,300,mid,3089700,303,129,95.08%,0.66180107308551,TLAT,ToOpen,"11:43:49 ET"
MSFT,409.89,Call,460,2026-08-21T16:30:00-05:00,74,"10.30 x 13","10.45 x 20",10.38,2969,mid,3081800,25714,6694,35.96%,0.27507641507144,MLET,N/A,"13:33:36 ET"
NOK,14.605,Call,15,2026-09-18T16:30:00-05:00,102,"2.55 x 1","2.57 x 888",2.57,11957,ask,3072900,20207,59208,86.88%,0.57339996377212,AUTO,N/A,"09:56:57 ET"
PLTR,136.39,Put,140,2027-06-17T16:30:00-05:00,374,"30.05 x 348","30.65 x 181",30.36,1000,mid,3036000,1003,4120,56.76%,-0.3898393142,MLCT,N/A,"11:48:38 ET"
COIN,162.06,Put,270,2026-06-18T16:30:00-05:00,10,"105.25 x 331","109.80 x 280",107.6,275,mid,2959000,617,341,0.00%,0,SLFT,N/A,"15:46:57 ET"
NET,247.64,Call,210,2028-01-21T16:30:00-06:00,592,"100.50 x 134","104.00 x 56",101.51,291,mid,2953900,295,1636,68.16%,0.75681602099458,SLAN,N/A,"15:08:09 ET"
GOOGL,362.8544,Call,400,2027-01-15T16:30:00-06:00,221,"29.25 x 136","30.00 x 87",29.53,1000,mid,2953000,1148,8728,36.51%,0.4495374601164,MLCT,N/A,"10:51:18 ET"
NVDA,208.64,Put,200,2026-08-21T16:30:00-05:00,74,"10.85 x 220","11.00 x 489",10.91,2700,mid,2945700,5132,26411,41.93%,-0.3632625472,SLCN,N/A,"15:56:55 ET"
GLXY,30.345,Call,31,2026-06-26T16:30:00-05:00,18,"2.29 x 3","2.53 x 149",2.33,12628,mid,2942300,13081,932,115.45%,0.52068044502121,AUTO,ToOpen,"11:41:54 ET"
BRK.B,487.5,Call,330,2028-01-21T16:30:00-06:00,592,"185.30 x 95","189.00 x 31",187.16,157,mid,2938400,5399,10164,31.15%,0.90983436955762,MLFT,N/A,"14:37:17 ET"
AMD,481.78,Put,360,2027-06-17T16:30:00-05:00,374,"54.65 x 26","65.00 x 36",58.65,500,mid,2932500,500,1678,71.05%,-0.2100813568,MLET,N/A,"09:30:01 ET"
ABBV,221.5,Call,250,2026-08-21T16:30:00-05:00,74,"3.00 x 22","3.25 x 6",3,9750,bid,2925000,10028,1312,29.57%,0.20122549546647,SLFT,SellToOpen,"13:40:56 ET"
MU,948.13,Call,800,2026-06-18T16:30:00-05:00,10,"162.30 x 34","165.70 x 203",162.3,179,bid,2905100,345,5328,107.74%,0.85251178191569,AUTO,N/A,"10:52:02 ET"
META,588.42,Put,615,2026-08-21T16:30:00-05:00,74,"54.95 x 7","55.00 x 99",55,527,ask,2898500,568,698,40.01%,-0.5523483857,AUTO,N/A,"10:27:43 ET"
AVGO,397.64,Put,370,2028-12-15T16:30:00-06:00,921,"93.40 x 177","96.00 x 92",95.56,300,mid,2866800,455,1003,52.73%,-0.2856105249,MLFT,N/A,"12:18:24 ET"
ORCL,209.62,Call,200,2027-06-17T16:30:00-05:00,374,"56.55 x 582","60.50 x 686",57.25,500,mid,2862500,506,3462,63.64%,0.66407952475498,SLFT,N/A,"10:07:58 ET"
HOOD,84.4399,Call,30,2026-08-21T16:30:00-05:00,74,"52.80 x 71","56.65 x 66",55.02,520,mid,2861000,880,57,110.48%,0.99045941569116,MLAT,ToOpen,"10:17:49 ET"
FSLR,285.38,Call,420,2027-06-17T16:30:00-05:00,374,"39.35 x 2","42.70 x 1",41.5,688,mid,2855200,692,1593,63.53%,0.41371898920942,MLFT,N/A,"09:30:46 ET"
MU,954.27,Call,927.5,2026-06-18T16:30:00-05:00,10,"77.85 x 6","81.05 x 34",79.2,360,mid,2851200,1813,0,105.52%,0.60096204740331,MLAT,N/A,"13:59:16 ET"
ARM,359.9589,Call,350,2027-03-19T16:30:00-05:00,284,"119.75 x 100","122.85 x 67",121.3,235,mid,2850500,365,52,92.65%,0.68404090852199,TLAT,ToOpen,"11:44:47 ET"
TMUS,178.7375,Put,250,2026-06-18T16:30:00-05:00,10,"69.70 x 143","72.70 x 146",71.2,400,mid,2848000,400,595,0.00%,0,MLFT,N/A,"15:48:09 ET"
AMD,488.885,Put,450,2026-07-17T16:30:00-05:00,39,"25.55 x 145","26.40 x 184",25.88,1100,mid,2846800,1502,1390,70.94%,-0.3128929751,MLCT,N/A,"15:52:14 ET"
AMD,490.33,Put,450,2026-07-17T16:30:00-05:00,39,"25.10 x 136","26.00 x 74",25.88,1100,mid,2846800,2607,1390,70.99%,-0.3084458461,CANC,N/A,"16:27:37 ET"
HOOD,84.4399,Call,30,2026-06-18T16:30:00-05:00,10,"53.75 x 253","56.20 x 208",54.67,520,mid,2842800,880,1193,363.15%,0.97850643724451,MLAT,N/A,"10:17:49 ET"
AMD,489.71,Put,450,2026-07-17T16:30:00-05:00,39,"25.50 x 111","26.25 x 115",25.64,1100,mid,2820400,2607,1390,70.65%,-0.3099236529,MLCT,N/A,"15:53:31 ET"
MRVL,287.525,Call,150,2026-06-18T16:30:00-05:00,10,"138.65 x 16","142.00 x 1",140.3,200,mid,2806000,202,6985,277.79%,0.95022069778739,MLET,N/A,"09:31:03 ET"
MU,954.27,Call,930,2026-06-18T16:30:00-05:00,10,"76.50 x 6","78.55 x 84",77.85,360,mid,2802500,2214,588,105.39%,0.59502985695707,MLAT,N/A,"13:59:16 ET"
DDOG,229.565,Call,165,2026-08-21T16:30:00-05:00,74,"72.00 x 148","74.05 x 256",72,388,bid,2793600,506,510,81.10%,0.8660134155812,AUTO,N/A,"13:52:22 ET"
AMD,491.5575,Call,720,2027-01-15T16:30:00-06:00,221,"54.70 x 147","55.70 x 499",55.7,499,ask,2779400,507,1314,75.10%,0.37380124649865,AUTO,N/A,"14:10:17 ET"
NOK,14.98,Call,24,2026-12-18T16:30:00-06:00,193,"1.82 x 461","1.89 x 165",1.85,15000,mid,2775000,15065,55078,93.33%,0.36814115375568,TLCT,N/A,"11:17:46 ET"
RUN,13.645,Call,16,2026-09-18T16:30:00-05:00,102,"1.78 x 25","1.91 x 328",1.85,15000,mid,2775000,15003,1405,91.47%,0.47357316109804,MLFT,ToOpen,"14:22:48 ET"
XOM,151.12,Call,150,2027-01-15T16:30:00-06:00,221,"15.70 x 195","16.00 x 1",15.8,1750,mid,2765000,1792,6809,32.44%,0.563482136247,SLCN,N/A,"13:26:06 ET"
FSLR,282.78,Call,380,2027-01-15T16:30:00-06:00,221,"31.75 x 30","33.70 x 5",33.37,827,mid,2759600,1654,8549,68.34%,0.40256783444694,MLET,N/A,"10:06:07 ET"
BE,252.665,Call,260,2026-06-18T16:30:00-05:00,10,"17.25 x 253","17.30 x 133",17.3,1585,ask,2742000,13470,24594,120.91%,0.48484633513105,AUTO,N/A,"12:31:40 ET"
GOOGL,364.785,Call,300,2026-07-17T16:30:00-05:00,39,"66.40 x 15","66.40 x 21",66.4,412,ask,2735600,3346,13815,36.17%,0.95920888456535,AUTO,N/A,"09:33:25 ET"
FSLR,282.78,Call,460,2027-06-17T16:30:00-05:00,374,"32.50 x 2","34.75 x 175",32.97,827,mid,2726600,2168,2004,63.67%,0.35518819521852,MLET,N/A,"10:06:07 ET"
ZS,129.315,Put,220,2026-06-18T16:30:00-05:00,10,"89.25 x 429","91.85 x 198",90.7,300,mid,2721000,300,298,130.73%,-0.9943468789,SLFT,ToOpen,"15:47:48 ET"
LLY,1155.99,Call,1200,2027-03-19T16:30:00-05:00,284,"151.15 x 111","164.00 x 111",160,170,mid,2720000,179,165,40.65%,0.5548110587683,TLFT,N/A,"13:08:53 ET"
BABA,121.02,Call,125,2027-03-19T16:30:00-05:00,284,"17.90 x 15","18.65 x 72",18.1,1500,mid,2715000,1506,198,46.52%,0.54469745330064,SLCN,ToOpen,"12:30:22 ET"
MU,934.47,Call,850,2026-06-26T16:30:00-05:00,18,"134.20 x 21","137.30 x 95",135.73,200,mid,2714500,233,694,110.35%,0.69718639863001,MLET,N/A,"15:10:25 ET"
AMD,491.35,Put,550,2026-12-18T16:30:00-06:00,193,"133.50 x 219","136.10 x 105",135.37,200,mid,2707400,200,14,73.20%,-0.4704149389,MLFT,ToOpen,"11:25:14 ET"
BTDR,18.28,Call,25,2026-07-17T16:30:00-05:00,39,"1.15 x 1481","1.60 x 1188",1.35,20000,mid,2700000,20180,65311,137.31%,0.32119580454946,MLFT,N/A,"10:39:58 ET"
PDD,82.79,Put,110,2026-06-18T16:30:00-05:00,10,"26.85 x 400","27.45 x 220",27.45,980,ask,2690100,980,867,101.90%,-0.9473230075,MLFT,BuyToOpen,"15:22:27 ET"
TSLA,400.93,Call,400,2026-07-17T16:30:00-05:00,39,"26.50 x 24","26.85 x 150",26.55,1000,mid,2655000,3599,7561,48.78%,0.54745055444336,SLFT,N/A,"10:12:06 ET"
GOOGL,365.3601,Call,300,2026-07-17T16:30:00-05:00,39,"66.60 x 3","70.20 x 34",67,393,mid,2633100,1726,13815,38.41%,0.95153687090802,AUTO,N/A,"09:30:01 ET"
AMD,481.78,Put,400,2026-12-18T16:30:00-06:00,193,"49.75 x 1","54.65 x 1",52.2,500,mid,2610000,500,3589,73.21%,-0.2594832257,MLET,N/A,"09:30:01 ET"
MRVL,287.525,Call,160,2026-06-18T16:30:00-05:00,10,"128.80 x 1","132.00 x 3",130.42,200,mid,2608300,201,1887,249.97%,0.94799969164487,MLET,N/A,"09:31:03 ET"
RKLB,115.36,Put,55,2026-10-16T16:30:00-05:00,130,"2.45 x 409","2.91 x 165",2.89,8977,mid,2594300,9737,11015,104.81%,-0.0647854726,SLFT,N/A,"11:40:01 ET"
LITE,875.535,Call,920,2026-06-18T16:30:00-05:00,10,"44.80 x 96","45.00 x 380",45,576,ask,2592000,602,147,113.42%,0.43456372474192,AUTO,BuyToOpen,"10:13:14 ET"
LLY,1167.005,Call,1100,2026-08-21T16:30:00-05:00,74,"123.70 x 91","132.20 x 75",128.44,200,mid,2568800,508,1302,42.70%,0.66803559255687,MLET,N/A,"11:24:46 ET"
NVDA,208.5,Call,230,2026-08-21T16:30:00-05:00,74,"8.40 x 223","8.60 x 223",8.54,3000,mid,2561900,3614,29884,42.41%,0.35223190179176,TLCT,N/A,"09:51:22 ET"
AMD,478.8,Call,570,2027-06-17T16:30:00-05:00,374,"120.60 x 195","121.35 x 20",120.6,212,bid,2556700,925,105,72.38%,0.57233753552977,AUTO,N/A,"09:54:25 ET"
TSM,426.44,Call,500,2028-12-15T16:30:00-06:00,921,"126.00 x 200","128.00 x 195",126,200,bid,2520000,276,799,52.93%,0.61970503832114,AUTO,N/A,"15:22:53 ET"
AAPL,314.125,Call,307.5,2026-06-12T16:30:00-05:00,4,"8.30 x 91","8.70 x 1",8.4,3000,mid,2520000,4718,5776,43.37%,0.69150450800145,AUTO,N/A,"09:31:15 ET"
BSX,48.75,Put,92.5,2026-06-18T16:30:00-05:00,10,"43.20 x 469","44.80 x 661",44.8,560,ask,2508800,560,572,210.99%,-0.9529238766,MLFT,N/A,"15:22:16 ET"
MU,948.255,Put,900,2026-06-18T16:30:00-05:00,10,"41.60 x 18","42.50 x 130",42.5,590,ask,2507500,3951,6159,104.70%,-0.3472128753,AUTO,N/A,"11:02:44 ET"
MU,944.1003,Call,950,2026-07-17T16:30:00-05:00,39,"124.45 x 17","126.25 x 138",125.36,200,mid,2507200,419,2008,101.52%,0.56309287621258,MLET,N/A,"10:53:27 ET"
MU,959.35,Call,950,2026-06-12T16:30:00-05:00,4,"49.40 x 129","50.00 x 500",50,500,ask,2500000,7492,2824,113.90%,0.55765979933753,AUTO,N/A,"11:15:11 ET"
CRWV,103.855,Call,200,2028-01-21T16:30:00-06:00,592,"24.20 x 368","25.90 x 341",25,1000,mid,2500000,1044,4267,84.07%,0.49265384987416,SLCN,N/A,"12:34:42 ET"
MU,943.64,Put,1000,2026-07-17T16:30:00-05:00,39,"154.50 x 72","155.30 x 64",154.5,160,bid,2472000,269,1012,100.33%,-0.5018065496,AUTO,N/A,"15:53:50 ET"
AVGO,396.53,Put,400,2027-01-15T16:30:00-06:00,221,"59.75 x 255","60.85 x 222",61.17,400,ask,2446800,481,2637,50.77%,-0.4170269003,MLFT,N/A,"10:43:24 ET"
CLS,386.02,Call,480,2026-08-21T16:30:00-05:00,74,"26.80 x 82","31.90 x 47",29,840,mid,2436000,840,15,84.41%,0.35810959528587,MLFT,ToOpen,"11:04:48 ET"
MU,924.51,Call,2170,2027-06-17T16:30:00-05:00,374,"120.15 x 88","120.15 x 200",120.15,200,ask,2403000,204,29,91.13%,0.33640718696983,AUTO,BuyToOpen,"10:05:34 ET"
NVDA,208.76,Call,210,2026-06-15T16:30:00-05:00,7,"3.95 x 51","4.00 x 451",4,5963,ask,2385200,9966,1369,40.24%,0.4736807163509,AUTO,BuyToOpen,"11:17:37 ET"
CVNA,69.65,Call,70,2026-06-18T16:30:00-05:00,10,"3.20 x 15","3.40 x 13",3.4,7000,ask,2380000,7141,4296,74.66%,0.51167451115333,MLFT,BuyToOpen,"14:35:05 ET"
AMZN,246.56,Call,285,2027-12-17T16:30:00-06:00,557,"38.50 x 23","38.90 x 960",38.9,608,ask,2365100,4030,4569,38.83%,0.52413074152452,AUTO,N/A,"10:21:00 ET"
MU,956.62,Call,900,2026-06-12T16:30:00-05:00,4,"79.75 x 4","80.95 x 40",80.95,292,ask,2363700,7638,2028,118.97%,0.71067387595254,AUTO,N/A,"12:04:38 ET"
AVTX,13.105,Put,20,2026-06-18T16:30:00-05:00,10,"6.80 x 2","7.10 x 30",6.92,3400,mid,2352800,3400,3665,165.75%,-0.9208602905,MLCT,N/A,"10:17:30 ET"
IREN,58.11,Put,50,2026-10-16T16:30:00-05:00,130,"9.90 x 444","10.35 x 89",10.35,2273,ask,2352500,2600,282,112.37%,-0.2828629502,AUTO,BuyToOpen,"13:15:49 ET"
AMZN,244.8501,Put,250,2026-12-18T16:30:00-06:00,193,"25.95 x 145","26.35 x 410",26.13,900,mid,2351700,914,5086,35.90%,-0.4613316064,MLFT,N/A,"15:29:15 ET"
NVDA,208.57,Put,180,2027-09-17T16:30:00-05:00,466,"23.30 x 653","23.65 x 798",23.41,1000,mid,2341000,1524,4056,45.76%,-0.2705876121,MLCT,N/A,"13:38:14 ET"
DDOG,230.17,Call,212.5,2026-06-12T16:30:00-05:00,4,"18.75 x 107","19.65 x 31",19.65,1189,ask,2336300,3419,15,78.31%,0.84619505117167,AUTO,N/A,"11:34:43 ET"
QCOM,217.89,Put,175,2026-07-17T16:30:00-05:00,39,"5.85 x 59","6.10 x 34",5.83,4000,bid,2332000,5069,2675,81.48%,-0.1673480012,SLAN,SellToOpen,"13:24:29 ET"
ABVX,97.289,Put,100,2026-07-02T16:30:00-05:00,24,"13.40 x 45","16.90 x 35",15.53,1500,mid,2329500,1500,142,136.22%,-0.4597239492,SLCN,ToOpen,"10:00:45 ET"
AMD,482.4825,Put,350,2026-10-16T16:30:00-05:00,130,"21.80 x 38","25.65 x 143",23.2,1000,mid,2320000,1000,866,74.68%,-0.1664004969,MLFT,ToOpen,"09:30:14 ET"
NVDA,208.55,Call,210,2026-06-12T16:30:00-05:00,4,"4.30 x 105","4.40 x 300",4.4,5257,ask,2313000,11945,9674,50.65%,0.4614688674901,AUTO,N/A,"09:30:37 ET"
CHTR,131.69,Put,190,2026-06-18T16:30:00-05:00,10,"57.60 x 197","59.50 x 161",57.6,400,bid,2304000,400,526,116.90%,-0.9662927309,MLFT,N/A,"15:22:49 ET"
MU,945.215,Put,920,2026-06-12T16:30:00-05:00,4,"37.40 x 74","38.60 x 21",38.6,594,ask,2292800,3437,4183,118.79%,-0.3888568594,AUTO,N/A,"09:41:37 ET"
CLS,386.02,Call,490,2026-08-21T16:30:00-05:00,74,"24.70 x 39","29.60 x 22",27,840,mid,2268000,840,6,84.39%,0.33799059947024,MLFT,ToOpen,"11:04:48 ET"
MSTR,127.4252,Put,245,2026-06-18T16:30:00-05:00,10,"116.30 x 325","118.65 x 124",118.65,191,ask,2266200,191,348,232.30%,-0.9352756044,MLFT,N/A,"15:23:23 ET"
CRM,182.975,Put,170,2027-01-15T16:30:00-06:00,221,"18.05 x 4","18.20 x 24",18.06,1250,mid,2257500,1265,4866,46.59%,-0.3363581255,SLCN,N/A,"15:42:04 ET"
NVDA,207.26,Put,220,2026-08-21T16:30:00-05:00,74,"22.30 x 376","22.65 x 243",22.48,1000,mid,2248000,1080,6352,41.51%,-0.5804466537,MLET,N/A,"10:16:27 ET"
LLY,1168.49,Call,1100,2026-08-21T16:30:00-05:00,74,"123.65 x 142","132.20 x 55",128.57,174,mid,2237100,208,1302,41.98%,0.67199919919069,MLET,N/A,"11:24:00 ET"
AVGO,397.8,Call,400,2026-09-18T16:30:00-05:00,102,"44.35 x 10","44.80 x 43",44.4,500,mid,2220000,639,4414,52.09%,0.55795866590306,TLFT,N/A,"10:58:00 ET"
AMZN,244.8501,Put,250,2027-01-15T16:30:00-06:00,221,"27.05 x 233","27.60 x 550",27.6,800,ask,2208000,833,7462,35.55%,-0.4550590404,MLFT,N/A,"15:28:46 ET"
PLTR,136.705,Call,135,2028-01-21T16:30:00-06:00,592,"44.00 x 75","44.50 x 193",44,500,bid,2200000,520,1395,59.13%,0.68308636358042,AUTO,N/A,"10:42:18 ET"
ORCL,214.4999,Put,200,2026-11-20T16:30:00-06:00,165,"26.25 x 263","27.50 x 12",27.5,800,ask,2200000,800,883,63.16%,-0.343852763,TLFT,N/A,"10:53:34 ET"
AAPL,305.2,Put,320,2026-11-20T16:30:00-06:00,165,"26.55 x 142","27.90 x 67",27.49,798,mid,2193700,846,263,25.66%,-0.5577647145,TLAT,ToOpen,"14:18:44 ET"
AMD,491.325,Call,500,2028-01-21T16:30:00-06:00,592,"179.15 x 178","184.60 x 216",182.21,120,mid,2186500,146,3917,72.34%,0.69483885078733,MLAT,N/A,"14:38:06 ET"
AMD,490.0504,Put,300,2027-06-17T16:30:00-05:00,374,"36.00 x 139","38.10 x 190",36.4,600,mid,2184000,610,659,72.71%,-0.140376535,MLFT,N/A,"11:47:00 ET"
NVDA,208.5958,Put,200,2026-07-24T16:30:00-05:00,46,"7.60 x 720","7.80 x 37",7.79,2800,mid,2181200,2950,510,41.24%,-0.3495446334,SLCN,ToOpen,"10:48:28 ET"
NKE,43.345,Put,65,2026-06-18T16:30:00-05:00,10,"21.00 x 495","22.60 x 495",21,1038,bid,2179800,1148,1578,134.13%,-0.9567302708,MLFT,N/A,"15:22:11 ET"
AKAM,144.9925,Call,160,2026-08-21T16:30:00-05:00,74,"11.70 x 11","12.40 x 2",12.1,1800,mid,2178000,2003,536,65.75%,0.43672477987368,MFSL,ToOpen,"11:23:05 ET"
GOOG,360.29,Put,375,2026-09-18T16:30:00-05:00,102,"32.60 x 199","32.70 x 5",32.6,668,bid,2177600,668,470,33.36%,-0.5422496263,AUTO,SellToOpen,"09:58:31 ET"
META,584.8401,Call,650,2028-01-21T16:30:00-06:00,592,"106.35 x 96","110.55 x 100",107.9,200,mid,2158000,204,1823,40.91%,0.56291402894028,SLFT,N/A,"09:37:42 ET"
FFIV,399.94,Call,270,2026-12-18T16:30:00-06:00,193,"140.50 x 21","144.40 x 3",144.5,149,ask,2153000,156,167,50.26%,0.90537300632356,AUTO,N/A,"14:46:51 ET"
AMZN,244.8501,Put,180,2028-06-16T16:30:00-05:00,739,"14.55 x 636","16.20 x 2",15.92,1350,mid,2149200,2550,1999,38.67%,-0.1711132341,MLFT,N/A,"15:29:15 ET"
AMGN,346.46,Call,350,2026-09-18T16:30:00-05:00,102,"19.55 x 266","21.25 x 100",21.25,1000,ask,2125000,1005,550,31.07%,0.50959517332549,AUTO,BuyToOpen,"11:02:53 ET"
NVDA,209.225,Put,170,2027-01-15T16:30:00-06:00,221,"10.45 x 468","10.60 x 620",10.59,2000,mid,2118000,2868,32393,46.06%,-0.2085892118,MLCT,N/A,"12:21:48 ET"
AVGO,397.64,Put,390,2027-06-17T16:30:00-05:00,374,"70.35 x 94","71.30 x 158",70.35,300,bid,2110500,359,634,51.49%,-0.366209113,MLFT,N/A,"12:18:24 ET"
MU,944.1003,Call,1000,2026-07-17T16:30:00-05:00,39,"104.45 x 26","106.25 x 102",105.33,200,mid,2106600,3253,4164,101.50%,0.5016590557861,MLET,N/A,"10:53:27 ET"
TSLA,402.95,Put,440,2026-06-26T16:30:00-05:00,18,"41.70 x 58","42.80 x 109",42.22,498,mid,2102500,520,502,49.99%,-0.7679141992,MLAT,N/A,"11:51:28 ET"
CPNG,15.165,Call,16,2026-07-17T16:30:00-05:00,39,"0.81 x 12","0.87 x 164",0.84,25000,mid,2100000,25132,2401,58.33%,0.4344908459486,SLCN,ToOpen,"13:57:28 ET"
VRT,301.295,Put,240,2028-01-21T16:30:00-06:00,592,"53.70 x 152","56.25 x 101",54.85,380,mid,2084300,476,774,66.92%,-0.229406662,SLFT,N/A,"13:16:47 ET"
TSLA,402.95,Put,445,2026-06-10T16:30:00-05:00,2,"41.75 x 23","43.10 x 25",42.36,491,mid,2079800,500,601,75.33%,-0.960870709,MLAT,N/A,"11:50:55 ET"
AMD,491.325,Call,530,2028-01-21T16:30:00-06:00,592,"171.10 x 99","175.40 x 177",172.92,120,mid,2075000,121,3426,72.26%,0.67213395438787,MLAT,N/A,"14:38:06 ET"
NVDA,206.775,Put,227.5,2026-06-12T16:30:00-05:00,4,"20.35 x 110","21.10 x 242",20.72,1000,mid,2072000,1051,1926,37.80%,-0.9985922203,MLAT,N/A,"10:10:34 ET"
MSFT,409.7125,Call,460,2026-08-21T16:30:00-05:00,74,"9.90 x 129","10.00 x 37",9.98,2067,mid,2062800,7419,6694,35.50%,0.27098084509662,MLET,N/A,"13:26:27 ET"
CCL,27.035,Call,30,2026-09-18T16:30:00-05:00,102,"1.90 x 51","1.99 x 708",1.91,10750,mid,2053200,10776,17016,53.17%,0.41234955390898,MLCT,N/A,"15:33:14 ET"
MRVL,302.72,Put,220,2027-01-15T16:30:00-06:00,221,"40.45 x 43","42.45 x 183",41,500,mid,2050000,507,547,99.32%,-0.2054659545,SLFT,N/A,"11:45:20 ET"
COHR,407.16,Call,320,2026-10-16T16:30:00-05:00,130,"134.00 x 128","139.80 x 54",136.62,150,mid,2049300,300,515,99.51%,0.76567582773334,SLAN,N/A,"11:39:23 ET"
SNDK,1636.2699,Call,1640,2026-06-12T16:30:00-05:00,4,"79.30 x 16","79.40 x 64",79.4,258,ask,2048500,722,578,118.25%,0.51862793154554,AUTO,N/A,"15:02:30 ET"
TMUS,178.7375,Put,230,2026-06-18T16:30:00-05:00,10,"49.70 x 137","52.70 x 132",51.2,400,mid,2048000,400,392,0.00%,0,MLFT,ToOpen,"15:48:09 ET"
LRCX,322.885,Call,230,2028-01-21T16:30:00-06:00,592,"148.55 x 18","151.95 x 134",151.95,134,ask,2036100,710,532,68.58%,0.80927640232098,AUTO,N/A,"10:37:39 ET"
TSLA,401.435,Call,400,2026-07-17T16:30:00-05:00,39,"26.85 x 754","26.95 x 102",26.85,754,bid,2024400,1422,7561,48.30%,0.55045103828813,AUTO,N/A,"09:53:38 ET"
CVNA,69.57,Put,74,2028-01-21T16:30:00-06:00,592,"23.65 x 649","25.10 x 49",25.1,799,ask,2005400,850,165,69.44%,-0.3434733246,SLFT,BuyToOpen,"15:29:30 ET"
MU,953.851,Call,955,2026-06-12T16:30:00-05:00,4,"44.50 x 1","44.90 x 32",44.9,446,ask,2002500,5725,282,113.65%,0.52099054833689,AUTO,N/A,"14:28:57 ET"
RUN,13.645,Call,18,2026-09-18T16:30:00-05:00,102,"1.24 x 603","1.40 x 215",1.33,15000,mid,1995000,20058,20213,90.24%,0.37421690456595,MLFT,N/A,"14:22:48 ET"
HOOD,84.4399,Call,30,2026-08-21T16:30:00-05:00,74,"53.50 x 66","56.15 x 66",55.07,360,mid,1982500,880,57,110.48%,0.99045941569116,MLAT,N/A,"10:18:23 ET"
NVDA,208.34,Call,250,2027-01-15T16:30:00-06:00,221,"16.40 x 550","16.55 x 4",16.5,1200,mid,1980000,2764,39859,44.82%,0.38856627590406,AUTO,N/A,"13:36:19 ET"
MU,939.125,Put,820,2026-07-17T16:30:00-05:00,39,"65.80 x 122","67.90 x 28",66,300,mid,1980000,333,925,102.45%,-0.2801559105,TLFT,N/A,"10:28:22 ET"
NVDA,206.502,Call,200,2026-06-12T16:30:00-05:00,4,"9.75 x 123","9.80 x 800",9.79,2020,mid,1977500,20514,22818,52.89%,0.72997208499762,AUTO,N/A,"09:54:50 ET"
HOOD,84.4399,Call,30,2026-06-18T16:30:00-05:00,10,"53.75 x 417","56.20 x 340",54.73,360,mid,1970200,880,1193,363.15%,0.97850643724451,MLAT,N/A,"10:18:23 ET"
AVGO,394.615,Call,260,2027-01-15T16:30:00-06:00,221,"147.05 x 179","150.50 x 232",149.24,132,mid,1969900,140,880,53.44%,0.89207381699162,SLAN,N/A,"13:51:22 ET"
MU,952.1,Call,950,2026-06-26T16:30:00-05:00,18,"95.95 x 118","98.35 x 200",98.35,200,ask,1967000,1582,988,111.99%,0.55577092695591,AUTO,N/A,"12:40:55 ET"
NOW,114.54,Call,80,2027-01-15T16:30:00-06:00,221,"42.50 x 194","43.80 x 49",43.5,450,mid,1957500,453,1190,68.16%,0.83774138422655,AUTO,N/A,"13:52:24 ET"
MRVL,298.87,Call,310,2026-06-18T16:30:00-05:00,10,"18.90 x 25","20.00 x 96",19.52,1000,mid,1952000,2107,2587,120.94%,0.46900709693384,MLAT,N/A,"13:40:53 ET"
MSFT,411.43,Call,475,2026-07-17T16:30:00-05:00,39,"2.13 x 59","2.20 x 2",1.95,10000,bid,1950000,53322,69186,33.20%,0.10703066267045,MLFT,N/A,"13:49:50 ET"
META,581.3817,Put,580,2026-06-12T16:30:00-05:00,4,"8.40 x 312","8.60 x 1",8.4,2320,bid,1948800,2645,3746,49.98%,-0.4692088147,AUTO,N/A,"09:31:14 ET"
AMZN,244.8501,Put,180,2028-06-16T16:30:00-05:00,739,"14.55 x 608","17.20 x 615",16.2,1200,mid,1944000,2550,1999,38.67%,-0.1711132341,MLFT,N/A,"15:28:46 ET"
NVDA,207.26,Put,215,2026-08-21T16:30:00-05:00,74,"19.30 x 252","19.50 x 133",19.4,1000,mid,1940000,1042,11473,41.77%,-0.5302912163,MLET,N/A,"10:16:27 ET"
AMD,488.49,Call,500,2026-06-12T16:30:00-05:00,4,"12.80 x 102","13.00 x 1242",13,1489,ask,1935700,9772,3069,85.60%,0.41655750343844,AUTO,N/A,"15:37:16 ET"
NVTS,24.16,Call,30,2026-09-18T16:30:00-05:00,102,"4.75 x 218","4.95 x 16",4.8,4000,mid,1920000,4285,1869,131.33%,0.51995170636728,SLFT,ToOpen,"15:07:06 ET"
JNJ,232.61,Put,210,2026-10-16T16:30:00-05:00,130,"4.00 x 228","5.15 x 214",4.8,4000,mid,1920000,5001,1705,24.96%,-0.2134044704,SLFT,ToOpen,"09:55:55 ET"
ABT,90.655,Put,115,2026-06-18T16:30:00-05:00,10,"23.40 x 429","25.10 x 396",23.4,820,bid,1918800,820,997,0.00%,0,MLFT,N/A,"15:22:31 ET"
CEG,254.705,Call,280,2026-09-18T16:30:00-05:00,102,"18.30 x 11","19.30 x 18",19.14,1000,mid,1914000,1025,296,51.43%,0.42723313967453,TLCT,ToOpen,"11:20:57 ET"
MU,950.17,Put,955,2026-06-26T16:30:00-05:00,18,"93.75 x 98","97.05 x 91",95.53,200,mid,1910600,265,22,111.18%,-0.4568069897,MLET,ToOpen,"13:06:32 ET"
VRT,302.93,Put,310,2027-01-15T16:30:00-06:00,221,"63.65 x 154","65.45 x 82",63.65,300,bid,1909500,308,704,68.60%,-0.4012258366,MLFT,N/A,"14:46:34 ET"
VRT,302.93,Call,310,2027-01-15T16:30:00-06:00,221,"62.90 x 183","65.35 x 137",63.45,300,mid,1903500,314,2375,69.13%,0.6052649693089,MLFT,N/A,"14:46:34 ET"
TSLA,402.95,Put,435,2026-06-26T16:30:00-05:00,18,"37.85 x 30","38.50 x 38",38.19,498,mid,1901800,504,481,49.38%,-0.7377282247,MLAT,ToOpen,"11:51:28 ET"
BTDR,18.44,Call,15,2026-06-18T16:30:00-05:00,10,"3.70 x 1529","4.20 x 546",3.8,5000,mid,1900000,5050,32814,154.06%,0.82669307987806,MLCT,N/A,"14:56:04 ET"
GOOG,358.8777,Call,375,2026-06-26T16:30:00-05:00,18,"4.45 x 142","4.85 x 139",4.73,4000,mid,1892000,4111,4358,33.09%,0.29502319819591,MLCT,N/A,"10:22:44 ET"
MU,957.3775,Put,960,2026-07-17T16:30:00-05:00,39,"125.80 x 99","130.45 x 135",125.8,150,bid,1887000,159,180,102.72%,-0.4330906904,SLFT,N/A,"11:38:40 ET"
AMD,488.985,Put,492.5,2026-06-12T16:30:00-05:00,4,"19.10 x 95","19.60 x 56",19,988,bid,1877200,1465,321,87.53%,-0.5115281676,AUTO,SellToOpen,"15:10:08 ET"
MU,925.09,Call,1000,2026-07-17T16:30:00-05:00,39,"98.00 x 45","100.30 x 18",99.3,189,mid,1876700,1575,4164,102.77%,0.47913259239467,MLET,N/A,"09:55:50 ET"
MRVL,287.205,Put,260,2026-08-21T16:30:00-05:00,74,"36.85 x 97","39.50 x 138",37.5,500,mid,1875000,506,552,104.89%,-0.323047033,TLFT,N/A,"09:51:58 ET"
AMD,478.8,Call,570,2027-06-17T16:30:00-05:00,374,"116.70 x 80","118.20 x 122",116.7,160,bid,1867200,925,105,72.38%,0.57233753552977,AUTO,N/A,"09:57:11 ET"
MU,950.17,Put,950,2026-06-26T16:30:00-05:00,18,"92.10 x 36","93.50 x 4",92.82,200,mid,1856400,263,577,111.75%,-0.4481360587,MLET,N/A,"13:06:32 ET"
INTC,111.5601,Call,150,2026-07-17T16:30:00-05:00,39,"3.25 x 967","3.30 x 76",3.25,5690,bid,1849200,21579,21828,91.22%,0.20254893878678,AUTO,N/A,"12:29:40 ET"
TSLA,402.95,Put,440,2026-06-10T16:30:00-05:00,2,"37.00 x 21","37.70 x 83",37.39,491,mid,1835800,551,682,60.32%,-0.9757999353,MLAT,N/A,"11:50:55 ET"
CVNA,69.04,Call,88,2027-01-15T16:30:00-06:00,221,"9.00 x 369","10.00 x 291",9.15,2000,mid,1830000,2000,730,70.57%,0.45002705250294,TLCT,ToOpen,"11:09:36 ET"
TSM,427.15,Call,450,2026-08-21T16:30:00-05:00,74,"30.65 x 5","31.10 x 14",30.5,600,bid,1830000,1133,4722,51.44%,0.46633630416465,SLFT,N/A,"13:19:27 ET"
BE,253.01,Call,250,2026-06-12T16:30:00-05:00,4,"14.15 x 5","15.00 x 16",14.95,1223,mid,1828300,1493,175,137.65%,0.56272286588419,AUTO,ToOpen,"10:22:05 ET"
MU,928.57,Put,850,2026-06-18T16:30:00-05:00,10,"30.15 x 1720","30.55 x 86",30.15,605,bid,1824000,2465,4180,106.19%,-0.2756584768,AUTO,N/A,"10:10:30 ET"
MU,955.75,Call,927.5,2026-06-18T16:30:00-05:00,10,"79.80 x 130","82.15 x 126",80.9,225,mid,1820200,463,0,106.68%,0.60401064510686,MLET,N/A,"12:28:33 ET"
AMGN,345.045,Put,345,2026-06-18T16:30:00-05:00,10,"6.00 x 64","7.00 x 4",6.5,2800,mid,1820000,2953,3047,27.14%,-0.4881118943,SLFT,N/A,"14:39:04 ET"
AMD,482.4825,Put,445,2026-06-26T16:30:00-05:00,18,"13.10 x 49","18.20 x 53",18.2,1000,ask,1820000,1011,1274,74.48%,-0.2806129829,MLFT,N/A,"09:30:14 ET"
AAPL,303.73,Call,350,2026-07-17T16:30:00-05:00,39,"0.64 x 11","0.70 x 18",0.64,28369,bid,1815600,30761,6127,26.57%,0.060790740917988,SLFT,SellToOpen,"14:52:23 ET"
SNDK,1640.345,Put,1640,2026-06-18T16:30:00-05:00,10,"111.00 x 64","117.50 x 27",114.4,158,mid,1807500,207,40,106.50%,-0.4626226472,MLET,ToOpen,"12:58:42 ET"
MU,921.0501,Call,2170,2027-03-19T16:30:00-05:00,284,"87.75 x 102","90.15 x 200",90.15,200,ask,1803000,453,115,93.73%,0.27804733938647,AUTO,N/A,"10:03:30 ET"
MSFT,410.335,Call,475,2026-07-17T16:30:00-05:00,39,"2.00 x 48","2.09 x 1",1.8,10000,bid,1800000,38341,69186,33.22%,0.10271863073593,MLFT,N/A,"13:39:13 ET"
MU,955.75,Call,930,2026-06-18T16:30:00-05:00,10,"78.15 x 140","80.75 x 122",79.5,225,mid,1788700,855,588,106.68%,0.5981230957279,MLET,N/A,"12:28:33 ET"
AMD,486.2799,Call,570,2027-06-17T16:30:00-05:00,374,"119.25 x 150","120.45 x 65",119.25,150,bid,1788700,189,105,73.38%,0.58345238622198,AUTO,SellToOpen,"09:53:46 ET"
GOOGL,361.225,Call,380,2026-06-26T16:30:00-05:00,18,"4.20 x 65","4.50 x 69",4.47,4000,mid,1788000,4417,4917,33.63%,0.2679886657397,MLCT,N/A,"10:21:43 ET"
TSLA,408.02,Call,390,2026-07-17T16:30:00-05:00,39,"35.75 x 55","36.15 x 47",35.94,495,mid,1779000,785,15644,48.17%,0.65206799379622,MLAT,N/A,"13:16:19 ET"
MU,954.27,Call,927.5,2026-06-18T16:30:00-05:00,10,"77.85 x 18","81.25 x 102",79,225,mid,1777500,1813,0,105.52%,0.60096204740331,MLET,N/A,"13:59:16 ET"
GOOGL,361.345,Call,420,2027-12-17T16:30:00-06:00,557,"55.20 x 40","56.70 x 68",55.2,320,bid,1766400,1937,2936,38.82%,0.51472257848279,AUTO,N/A,"10:08:11 ET"
UNM,87.3,Call,105,2026-12-18T16:30:00-06:00,193,"0.40 x 40","1.85 x 5",1.75,10000,mid,1750000,10358,13,25.76%,0.19714846843824,SLFT,ToOpen,"11:07:20 ET"
UNM,87.375,Call,105,2026-12-18T16:30:00-06:00,193,"1.80 x 18","1.85 x 5",1.75,10000,bid,1750000,22747,13,27.06%,0.21252440883779,CNCO,N/A,"12:38:09 ET"
MU,954.27,Call,930,2026-06-18T16:30:00-05:00,10,"76.50 x 18","78.75 x 102",77.65,225,mid,1747100,2214,588,105.39%,0.59502985695707,MLET,N/A,"13:59:16 ET"
PLTR,136.39,Put,90,2027-06-17T16:30:00-05:00,374,"8.50 x 283","8.90 x 149",8.69,2000,mid,1738000,2049,2220,60.43%,-0.1494488487,MLCT,N/A,"11:48:38 ET"
META,587.2118,Put,615,2026-12-18T16:30:00-06:00,193,"76.35 x 99","76.45 x 12",76.35,227,bid,1733100,227,232,38.29%,-0.4955589103,AUTO,N/A,"11:30:59 ET"
SNDK,1640.345,Put,1630,2026-06-18T16:30:00-05:00,10,"106.30 x 63","112.50 x 49",109.4,158,mid,1728500,211,327,106.55%,-0.4488428459,MLET,N/A,"12:58:42 ET"
FSLR,285.38,Call,460,2027-06-17T16:30:00-05:00,374,"32.55 x 1","35.75 x 8",34.56,500,mid,1728000,640,2004,63.21%,0.35772360214753,MLAT,N/A,"09:30:20 ET"
AMD,493.8,Call,490,2026-06-12T16:30:00-05:00,4,"19.20 x 5","19.60 x 53",19.6,879,ask,1722800,6802,1210,85.51%,0.55389874842969,AUTO,N/A,"14:31:46 ET"
MSFT,411.56,Call,460,2026-08-21T16:30:00-05:00,74,"10.90 x 1","11.00 x 4",11,1566,ask,1722600,59603,6694,36.09%,0.28443732693895,MLET,N/A,"13:55:46 ET"
CCL,27.035,Put,24,2026-09-18T16:30:00-05:00,102,"1.60 x 72","1.66 x 11",1.6,10750,bid,1720000,10755,39855,55.09%,-0.2841768679,MLCT,N/A,"15:33:14 ET"
PL,32.3201,Put,45,2026-08-21T16:30:00-05:00,74,"14.30 x 918","15.60 x 77",14.81,1161,mid,1719400,1161,1179,106.89%,-0.6715350792,LATE,N/A,"10:15:01 ET"
COIN,162.06,Put,300,2026-06-18T16:30:00-05:00,10,"135.10 x 368","139.80 x 275",137.45,125,mid,1718100,245,122,0.00%,0,SLFT,N/A,"15:46:57 ET"
SNDK,1623.99,Put,1655,2026-06-12T16:30:00-05:00,4,"92.80 x 13","97.40 x 112",97.5,175,ask,1706200,210,370,116.29%,-0.5366398257,AUTO,N/A,"10:13:02 ET"
MU,959.35,Call,960,2026-06-12T16:30:00-05:00,4,"43.80 x 3","43.95 x 15",43.8,387,bid,1695000,1901,620,113.59%,0.52274124731929,AUTO,N/A,"11:13:46 ET"
AVGO,395.895,Put,270,2027-06-17T16:30:00-05:00,374,"20.85 x 144","22.40 x 195",21.15,800,mid,1692000,811,1332,53.23%,-0.1505824379,TLFT,N/A,"10:31:15 ET"
INTC,111.79,Call,135,2026-07-17T16:30:00-05:00,39,"5.35 x 100","5.50 x 157",5.39,3118,mid,1680600,3493,2641,87.77%,0.30768895988247,MLET,ToOpen,"12:02:11 ET"
MRVL,293.72,Call,220,2026-06-18T16:30:00-05:00,10,"72.60 x 104","73.90 x 227",73.9,227,ask,1677500,554,6150,111.60%,0.95173980988992,AUTO,N/A,"15:10:56 ET"
MSTR,127.2375,Put,135,2028-12-15T16:30:00-06:00,921,"62.90 x 286","65.70 x 438",62.9,266,bid,1673100,287,62,86.56%,-0.2537304838,MESL,SellToOpen,"14:52:48 ET"
AVTX,13.105,Put,17.5,2026-08-21T16:30:00-05:00,74,"2.60 x 56","7.00 x 28",4.92,3400,mid,1672800,3400,1,71.43%,-0.770466636,MLCT,ToOpen,"10:17:30 ET"
ORCL,212.55,Call,240,2027-01-15T16:30:00-06:00,221,"32.25 x 786","33.70 x 378",33.41,500,mid,1670500,539,3549,63.70%,0.51208710502174,MLFT,N/A,"13:55:06 ET"
MSFT,409.36,Put,400,2027-01-15T16:30:00-06:00,221,"33.10 x 18","33.40 x 240",33.38,500,mid,1669000,563,12103,32.71%,-0.3938128581,TLFT,N/A,"12:56:55 ET"
MSFT,409.86,Call,475,2026-07-17T16:30:00-05:00,39,"1.98 x 17","2.03 x 21",2,8332,mid,1666400,17728,69186,33.19%,0.10061600043229,MLET,N/A,"13:28:20 ET"
TSM,427.275,Put,400,2027-03-19T16:30:00-05:00,284,"54.20 x 251","56.90 x 183",55.42,300,mid,1662600,302,815,50.45%,-0.3402630657,TLAT,N/A,"10:23:34 ET"
UNM,87.375,Call,105,2026-12-18T16:30:00-06:00,193,"1.80 x 18","1.85 x 5",1.75,9500,bid,1662500,22747,13,27.06%,0.21252440883779,OSEQ,N/A,"12:38:02 ET"
AAPL,309.51,Call,280,2026-07-17T16:30:00-05:00,39,"32.15 x 226","32.90 x 500",32.9,500,ask,1645000,582,39233,30.35%,0.86315286762206,AUTO,N/A,"13:43:13 ET"
GLXY,30.67,Call,45,2026-09-18T16:30:00-05:00,102,"3.10 x 201","3.60 x 197",3.4,4800,mid,1632000,10063,6984,110.69%,0.36498096164963,SLFT,N/A,"12:38:51 ET"
META,588.88,Call,630,2026-11-20T16:30:00-06:00,165,"50.65 x 86","51.20 x 1",50.91,320,mid,1629100,364,504,40.42%,0.47641454331548,MLAT,N/A,"10:53:48 ET"
MU,939.75,Put,850,2026-08-21T16:30:00-05:00,74,"107.50 x 4","111.75 x 2",108.6,150,mid,1629000,159,1577,97.07%,-0.3221527551,TLFT,N/A,"09:45:22 ET"
GOOGL,361.225,Put,345,2026-06-26T16:30:00-05:00,18,"4.00 x 22","4.40 x 92",4.07,4000,mid,1628000,4006,8492,33.57%,-0.2503502595,MLCT,N/A,"10:21:43 ET"
COIN,161.8,Put,300,2026-06-18T16:30:00-05:00,10,"135.10 x 291","139.80 x 245",135.1,120,bid,1621200,120,122,0.00%,0,MLFT,N/A,"15:22:45 ET"
MU,934.47,Call,900,2026-06-18T16:30:00-05:00,10,"79.65 x 3","81.75 x 119",80.73,200,mid,1614600,816,3432,102.99%,0.62227160980858,MLET,N/A,"15:10:25 ET"
AMD,489.935,Put,490,2026-06-12T16:30:00-05:00,4,"16.45 x 23","16.60 x 957",16.6,971,ask,1611800,4546,1184,85.59%,-0.4812905693,AUTO,N/A,"15:05:33 ET"
MU,959.745,Call,990,2026-06-26T16:30:00-05:00,18,"79.90 x 17","83.35 x 84",81.65,197,mid,1608500,346,224,112.18%,0.5027812296512,MLET,N/A,"11:48:56 ET"
GOOG,360.29,Put,365,2026-09-18T16:30:00-05:00,102,"26.90 x 199","26.90 x 199",26.9,597,ask,1605900,604,1084,33.57%,-0.4790320072,AUTO,N/A,"09:58:31 ET"
TSM,431.235,Put,420,2026-07-17T16:30:00-05:00,39,"22.10 x 112","22.85 x 8",22.85,700,ask,1599500,737,5564,50.65%,-0.398034809,SLFT,N/A,"10:37:00 ET"
GOOGL,364.785,Call,300,2026-07-17T16:30:00-05:00,39,"66.45 x 70","68.60 x 374",66.4,240,bid,1593600,3346,13815,36.17%,0.95920888456535,AUTO,N/A,"09:33:24 ET"
MU,945.215,Call,1000,2026-07-17T16:30:00-05:00,39,"106.05 x 150","107.00 x 101",106.05,150,bid,1590700,878,4164,101.12%,0.50260200331883,MESL,N/A,"09:43:35 ET"
VALE,15.01,Call,15,2027-01-15T16:30:00-06:00,221,"1.54 x 1022","1.62 x 22",1.59,10000,mid,1590000,10065,54806,39.20%,0.51444673044853,MLFT,N/A,"12:22:07 ET"
AMD,478.8,Call,570,2027-06-17T16:30:00-05:00,374,"118.20 x 134","119.85 x 59",118.2,134,bid,1583800,925,105,72.38%,0.57233753552977,AUTO,N/A,"09:55:44 ET"
GOOGL,364.785,Call,300,2026-07-17T16:30:00-05:00,39,"66.40 x 19","68.50 x 18",66.4,238,bid,1580300,3346,13815,36.17%,0.95920888456535,AUTO,N/A,"09:33:24 ET"
ORCL,212.8292,Call,170,2026-09-18T16:30:00-05:00,102,"54.30 x 222","56.95 x 326",55.04,286,mid,1574100,301,2370,71.00%,0.78805575106509,SLAN,N/A,"12:36:34 ET"
MU,945.215,Call,1000,2026-07-17T16:30:00-05:00,39,"103.75 x 15","107.00 x 105",104.82,150,mid,1572200,878,4164,101.12%,0.50260200331883,MLAT,N/A,"09:43:02 ET"
ABT,90.655,Put,110,2026-06-18T16:30:00-05:00,10,"18.30 x 449","20.30 x 429",18.38,850,mid,1562300,1050,1371,0.00%,0,MLFT,N/A,"15:22:31 ET"
AMD,478.8,Call,460,2026-08-21T16:30:00-05:00,74,"76.55 x 2","79.60 x 98",77.98,200,mid,1559600,202,1327,75.89%,0.62178177507325,MLET,N/A,"09:55:57 ET"
MRVL,288.85,Call,270,2026-06-18T16:30:00-05:00,10,"32.00 x 50","32.95 x 85",32.38,480,mid,1554200,1783,3174,113.65%,0.67651768811971,MLET,N/A,"15:59:02 ET"
PBR,17.715,Put,13,2026-12-18T16:30:00-06:00,193,"0.47 x 11","0.50 x 2",0.5,30995,ask,1549700,31064,20373,47.06%,-0.1349255221,SLFT,BuyToOpen,"11:16:25 ET"
LLY,1167.005,Call,1200,2026-08-21T16:30:00-05:00,74,"76.30 x 20","79.15 x 1",77.44,200,mid,1548800,713,1723,42.40%,0.49246912759248,MLET,N/A,"11:24:46 ET"
AVGO,393.805,Put,380,2026-08-21T16:30:00-05:00,74,"25.75 x 105","26.85 x 156",25.8,600,mid,1548000,649,3737,48.45%,-0.383750552,MLFT,N/A,"10:19:33 ET"
ORCL,214.28,Put,245,2026-06-12T16:30:00-05:00,4,"35.35 x 5","37.00 x 5",35.7,431,mid,1538600,635,244,163.96%,-0.7560908116,AUTO,N/A,"10:58:33 ET"
TSLA,401.4499,Call,400,2026-07-17T16:30:00-05:00,39,"26.30 x 22","26.80 x 122",26.5,580,mid,1537000,2550,7561,48.33%,0.55055227479135,SLAN,N/A,"09:59:54 ET"
TSLA,398.75,Put,270,2027-12-17T16:30:00-06:00,557,"30.45 x 175","31.25 x 124",30.68,500,mid,1534000,500,1026,53.40%,-0.1608513875,MLFT,N/A,"09:48:55 ET"
MU,959.745,Call,1000,2026-06-26T16:30:00-05:00,18,"76.35 x 2","79.20 x 165",77.75,197,mid,1531600,1515,3204,111.99%,0.48648997092987,MLET,N/A,"11:48:56 ET"
META,587.33,Call,720,2026-08-21T16:30:00-05:00,74,"9.90 x 5","10.30 x 65",10.2,1500,mid,1529900,5170,8131,42.62%,0.17605226911335,SLFT,N/A,"09:45:09 ET"
AMZN,247.01,Put,230,2026-09-18T16:30:00-05:00,102,"10.00 x 247","10.30 x 278",10.2,1500,mid,1529900,1523,5874,36.14%,-0.3040685141,TLCT,N/A,"11:01:07 ET"
MRVL,302.72,Put,195,2028-06-16T16:30:00-05:00,739,"59.60 x 126","63.50 x 165",61.03,250,mid,1525700,250,38,88.34%,-0.1538867956,MLFT,ToOpen,"11:47:46 ET"
GOOGL,365.72,Call,365,2027-06-17T16:30:00-05:00,374,"59.90 x 118","62.65 x 25",61,250,mid,1525000,512,1196,38.12%,0.61434598174135,AUTO,N/A,"09:35:03 ET"
TWLO,217.02,Call,240,2026-08-21T16:30:00-05:00,74,"18.90 x 147","21.70 x 14",20.31,750,mid,1523200,1200,145,73.01%,0.45267774694582,MLAT,ToOpen,"10:26:57 ET"
DDOG,231.01,Call,210,2026-06-12T16:30:00-05:00,4,"21.55 x 47","23.50 x 96",21.55,704,bid,1517100,5508,197,87.82%,0.86161699677017,SLFT,N/A,"12:53:54 ET"
LMND,51.89,Put,50,2028-01-21T16:30:00-06:00,592,"15.00 x 903","19.70 x 700",16.85,900,mid,1516500,900,1330,80.34%,-0.2819655689,TLFT,N/A,"14:11:59 ET"
ORCL,212.72,Put,195,2027-06-17T16:30:00-05:00,374,"37.05 x 314","39.15 x 176",37.85,400,mid,1514000,400,134,61.28%,-0.3126876157,TLFT,ToOpen,"11:29:18 ET"
QCOM,216.22,Call,220,2026-06-18T16:30:00-05:00,10,"10.40 x 308","11.60 x 79",10.4,1453,bid,1511100,2474,11318,86.54%,0.48160958465263,AUTO,N/A,"15:40:58 ET"
AAPL,311.87,Call,345,2026-08-21T16:30:00-05:00,74,"4.95 x 11","5.05 x 59",5.04,2998,mid,1510900,6444,92729,27.14%,0.23893094284165,SLAN,N/A,"09:36:25 ET"
MRVL,298.6407,Put,250,2026-09-18T16:30:00-05:00,102,"37.35 x 119","39.20 x 66",37.75,400,mid,1510000,411,826,106.67%,-0.2704218319,TLFT,N/A,"10:43:05 ET"
NVDA,207.39,Put,180,2026-09-18T16:30:00-05:00,102,"7.50 x 171","7.70 x 407",7.55,2000,mid,1510000,2042,29639,45.84%,-0.2292057537,SLCN,N/A,"10:21:29 ET"
NKE,43.345,Put,70,2026-06-18T16:30:00-05:00,10,"25.95 x 492","27.60 x 482",26.9,560,mid,1506400,560,643,149.18%,-0.9655178166,MLFT,N/A,"15:22:11 ET"
PL,32.1999,Call,37,2026-07-17T16:30:00-05:00,39,"2.80 x 192","3.10 x 187",3,5000,mid,1500000,5130,5333,109.08%,0.42059336889202,SLCN,N/A,"11:37:53 ET"
BE,255.515,Put,145,2026-09-18T16:30:00-05:00,102,"10.95 x 1","11.55 x 8",11.6,1290,ask,1496400,1480,1329,119.44%,-0.1098506776,AUTO,N/A,"12:49:28 ET"
DELL,400.4,Call,450,2028-01-21T16:30:00-06:00,592,"133.00 x 5","138.00 x 13",136,110,mid,1496000,110,59,73.94%,0.64978714848647,MLFT,ToOpen,"12:29:57 ET"
META,589.53,Call,1200,2028-12-15T16:30:00-06:00,921,"48.40 x 20","51.95 x 56",49.75,300,mid,1492500,300,405,42.05%,0.27592296792161,SLFT,N/A,"11:13:41 ET"
AAPL,311.87,Call,345,2026-08-21T16:30:00-05:00,74,"5.20 x 2","5.30 x 94",5.24,2835,mid,1485500,6444,92729,27.14%,0.23893094284165,SLAN,N/A,"09:35:32 ET"
INTC,111.47,Call,110,2027-01-15T16:30:00-06:00,221,"29.50 x 500","29.75 x 134",29.5,500,bid,1475000,1015,3430,83.22%,0.64461065193478,AUTO,N/A,"13:56:27 ET"
BE,252.665,Call,260,2026-06-18T16:30:00-05:00,10,"16.25 x 1","16.60 x 5",16.6,887,ask,1472400,13470,24594,120.91%,0.48484633513105,MLET,N/A,"12:28:52 ET"
ALAB,350.34,Call,410,2026-07-17T16:30:00-05:00,39,"28.05 x 18","30.30 x 46",29.36,500,mid,1468000,504,149,109.29%,0.40110393724981,MLET,ToOpen,"10:59:52 ET"
AAPL,308.895,Put,315,2026-07-10T16:30:00-05:00,32,"11.75 x 91","12.60 x 10",12.23,1200,mid,1467600,2551,250,25.19%,-0.5793599633,MLET,N/A,"13:59:22 ET"
SATS,115.98,Put,120,2026-06-18T16:30:00-05:00,10,"11.40 x 146","12.30 x 75",11.85,1237,mid,1465800,2030,3139,123.70%,-0.5240944838,SLAN,N/A,"11:36:33 ET"
AVGO,398.6,Call,295,2026-06-26T16:30:00-05:00,18,"102.80 x 51","105.85 x 39",103.85,141,mid,1464200,325,94,48.11%,0.99771464534466,MLET,N/A,"11:42:51 ET"
GOOGL,365.72,Call,365,2027-06-17T16:30:00-05:00,374,"59.90 x 118","62.65 x 25",61,240,mid,1464000,512,1196,38.12%,0.61434598174135,AUTO,N/A,"09:35:03 ET"
FSLR,285.38,Call,410,2027-01-15T16:30:00-06:00,221,"26.55 x 26","29.25 x 1",29.25,500,ask,1462500,500,838,67.38%,0.35001736761684,MLAT,N/A,"09:30:20 ET"
AKAM,141.74,Call,140,2028-12-15T16:30:00-06:00,921,"47.20 x 15","50.80 x 24",48.7,300,mid,1461000,301,3750,48.50%,0.704191595302,SLFT,N/A,"15:38:27 ET"
META,585.39,Call,570,2026-12-18T16:30:00-06:00,193,"78.90 x 84","79.85 x 1",79.6,183,mid,1456600,195,691,39.98%,0.61652942609109,AUTO,N/A,"15:57:56 ET"
NET,247.64,Call,220,2028-01-21T16:30:00-06:00,592,"96.00 x 210","100.00 x 113",97.01,150,mid,1455100,152,876,67.87%,0.73941690617532,SLAN,N/A,"15:08:18 ET"
NVDA,208.64,Call,205,2026-07-24T16:30:00-05:00,46,"14.55 x 394","14.75 x 47",14.55,1000,bid,1455000,1550,255,41.58%,0.58886054327428,AUTO,SellToOpen,"12:52:08 ET"
AMZN,246.56,Put,240,2027-03-19T16:30:00-05:00,284,"24.15 x 445","25.05 x 443",24.25,600,mid,1455000,600,4357,36.14%,-0.3801814315,TLFT,N/A,"10:24:15 ET"
NVDA,206.502,Call,200,2026-06-12T16:30:00-05:00,4,"9.00 x 115","9.25 x 88",9.15,1588,mid,1453000,20514,22818,52.89%,0.72997208499762,AUTO,N/A,"09:55:57 ET"
MSFT,412.51,Call,450,2026-12-18T16:30:00-06:00,193,"28.65 x 20","29.45 x 389",29.02,500,mid,1451000,521,6129,34.14%,0.43270797618616,MLAT,N/A,"09:55:59 ET"
MSTR,127.2,Call,35,2026-06-12T16:30:00-05:00,4,"91.35 x 340","93.50 x 131",92.4,157,mid,1450600,212,4474,570.94%,0.99302063397972,SLAN,N/A,"15:59:18 ET"
MSTR,127.2375,Put,135,2028-06-16T16:30:00-05:00,739,"56.15 x 952","58.85 x 404",58.85,246,ask,1447700,289,350,86.33%,-0.2784246416,MESL,N/A,"14:52:48 ET"
GOOG,360.29,Call,375,2026-06-18T16:30:00-05:00,10,"3.40 x 71","3.60 x 64",3.6,4000,ask,1440000,4159,22597,35.01%,0.25926605484579,MLCT,N/A,"09:54:39 ET"
GOOG,359.47,Call,375,2026-06-18T16:30:00-05:00,10,"2.64 x 135","2.86 x 297",3.6,4000,ask,1440000,4515,22597,34.49%,0.24316463885892,CANC,N/A,"10:17:13 ET"
NVDA,206.775,Put,227.5,2026-06-18T16:30:00-05:00,10,"20.25 x 151","22.05 x 135",21.14,680,mid,1437500,1000,165,41.55%,-0.9147964246,MLAT,ToOpen,"10:10:34 ET"
META,585.3601,Put,590,2026-08-21T16:30:00-05:00,74,"41.05 x 82","41.70 x 96",41.05,350,bid,1436700,494,2606,38.96%,-0.4717558561,MLFT,N/A,"15:13:26 ET"
AVGO,397.64,Put,370,2028-12-15T16:30:00-06:00,921,"93.40 x 177","96.00 x 92",95.55,150,mid,1433200,455,1003,52.73%,-0.2856105249,MLFT,N/A,"12:18:24 ET"
LRCX,326.6,Call,440,2027-01-15T16:30:00-06:00,221,"36.55 x 54","37.15 x 384",37.15,384,ask,1426500,599,162,68.27%,0.39822309223446,AUTO,BuyToOpen,"13:16:50 ET"
IBM,280.26,Call,440,2028-06-16T16:30:00-05:00,739,"34.40 x 2","38.00 x 50",34.35,414,bid,1422000,512,0,47.49%,0.37371725549404,ISOI,SellToOpen,"13:13:06 ET"
LRCX,328.93,Call,290,2026-09-18T16:30:00-05:00,102,"71.00 x 200","72.25 x 17",71,200,bid,1420000,206,713,72.32%,0.70659304369637,AUTO,N/A,"11:53:12 ET"
MRVL,289.94,Call,270,2026-06-18T16:30:00-05:00,10,"32.90 x 21","34.25 x 16",33.53,422,mid,1414900,562,3174,124.61%,0.67483300099936,MLAT,N/A,"09:41:11 ET"
GOOGL,361.225,Call,370,2026-12-18T16:30:00-06:00,193,"37.55 x 171","38.35 x 147",37.84,373,mid,1411400,585,1916,37.10%,0.54535458566432,MLET,N/A,"10:23:30 ET"
ALAB,350.34,Call,350,2026-06-18T16:30:00-05:00,10,"26.75 x 1","28.50 x 1",28.06,500,mid,1403000,541,739,118.23%,0.54295775849173,MLET,N/A,"10:59:52 ET"
LOW,209.98,Put,260,2026-06-18T16:30:00-05:00,10,"49.40 x 86","51.70 x 144",51.7,270,ask,1395900,270,265,77.87%,-0.9450569205,MLFT,BuyToOpen,"15:23:06 ET"
MRVL,299.652,Put,230,2027-01-15T16:30:00-06:00,221,"46.30 x 1","46.75 x 9",46.45,300,mid,1393500,322,1378,98.81%,-0.2263722525,CNCO,N/A,"13:34:22 ET"
MRVL,298.2501,Put,230,2027-01-15T16:30:00-06:00,221,"46.50 x 1","46.95 x 4",46.45,300,bid,1393500,322,1378,98.74%,-0.2282265811,TLFT,N/A,"12:43:01 ET"
MSFT,411.8,Put,410,2028-12-15T16:30:00-06:00,921,"67.30 x 220","69.65 x 95",69.65,200,ask,1393000,309,731,32.98%,-0.3599244252,MLFT,N/A,"14:01:57 ET"
NVDA,208.39,Put,180,2026-07-24T16:30:00-05:00,46,"2.57 x 452","2.70 x 211",2.65,5250,mid,1391200,5512,296,43.72%,-0.1473018972,MLCT,ToOpen,"12:37:58 ET"
GOOGL,364.965,Call,415,2026-08-21T16:30:00-05:00,74,"9.05 x 20","9.20 x 120",9.15,1515,mid,1386200,56217,817,37.48%,0.26256037004885,AUTO,N/A,"13:31:00 ET"
NOW,114.1499,Call,150,2028-01-21T16:30:00-06:00,592,"27.30 x 189","28.50 x 1",27.7,500,mid,1385000,625,9254,63.34%,0.55655911209419,AUTO,N/A,"10:01:44 ET"
AAPL,308.97,Put,315,2026-07-10T16:30:00-05:00,32,"11.15 x 94","11.85 x 31",11.54,1198,mid,1382400,1351,250,24.82%,-0.5796505224,MLAT,ToOpen,"13:55:48 ET"
CRM,182.27,Put,170,2027-03-19T16:30:00-05:00,284,"21.10 x 74","21.65 x 34",21.25,650,mid,1381200,650,456,46.84%,-0.3381603121,SLFT,ToOpen,"12:44:48 ET"
FSLR,282.46,Put,270,2026-08-21T16:30:00-05:00,74,"29.40 x 37","30.00 x 428",30,460,ask,1380000,506,270,74.72%,-0.3745715629,AUTO,BuyToOpen,"13:00:20 ET"
IBM,281.11,Put,275,2026-07-17T16:30:00-05:00,39,"12.35 x 61","12.80 x 32",12.65,1090,mid,1378800,2282,4607,43.14%,-0.4064660229,SLCN,N/A,"13:59:42 ET"
MRVL,293.72,Call,220,2026-06-18T16:30:00-05:00,10,"72.60 x 180","74.15 x 1",73.88,186,mid,1374100,554,6150,111.60%,0.95173980988992,AUTO,N/A,"15:10:59 ET"
SNDK,1664.73,Put,1655,2026-06-12T16:30:00-05:00,4,"75.20 x 29","80.20 x 41",78.5,175,mid,1373700,404,370,117.38%,-0.4554900629,SLFT,N/A,"11:35:23 ET"
CBRS,236.06,Call,260,2026-07-17T16:30:00-05:00,39,"27.00 x 5","28.80 x 35",27.45,500,mid,1372500,2812,216,118.10%,0.48128126173754,AUTO,N/A,"11:02:50 ET"
AMD,478.8,Call,570,2027-06-17T16:30:00-05:00,374,"118.05 x 116","119.85 x 123",118.05,116,bid,1369300,925,105,72.38%,0.57233753552977,AUTO,N/A,"09:55:46 ET"
DELL,398.92,Put,400,2027-01-15T16:30:00-06:00,221,"87.50 x 135","90.90 x 83",90.9,150,ask,1363500,151,263,75.43%,-0.3773692994,MLFT,N/A,"13:43:41 ET"
HUT,118.7,Call,160,2027-01-15T16:30:00-06:00,221,"26.20 x 207","28.80 x 307",27.25,500,mid,1362500,568,1574,106.14%,0.53153060066109,TLFT,N/A,"15:26:48 ET"
NVDA,208.915,Put,225,2026-07-17T16:30:00-05:00,39,"20.40 x 173","20.80 x 399",20.6,660,mid,1359600,1180,4952,40.19%,-0.6867710103,MLAT,N/A,"09:39:27 ET"
MU,934.775,Call,945,2026-06-12T16:30:00-05:00,4,"48.90 x 3","50.00 x 272",50,271,ask,1355000,579,520,120.07%,0.49177567613686,AUTO,N/A,"09:30:41 ET"
GOOG,358.8401,Call,360,2026-07-17T16:30:00-05:00,39,"15.15 x 1","15.65 x 26",15.1,896,bid,1352900,4232,5045,32.22%,0.52274830922008,AUTO,N/A,"10:06:55 ET"
LLY,1168.49,Call,1200,2026-08-21T16:30:00-05:00,74,"76.75 x 1","78.00 x 1",77.57,174,mid,1349700,310,1723,42.29%,0.49491562378915,MLET,N/A,"11:24:00 ET"
AMD,490.33,Call,500,2026-06-12T16:30:00-05:00,4,"13.40 x 53","13.50 x 999",13.47,999,mid,1345600,13601,3069,85.56%,0.43296030234378,AUTO,N/A,"15:59:20 ET"
NFLX,82.45,Put,80,2026-07-17T16:30:00-05:00,39,"2.91 x 3","2.93 x 9",2.92,4600,mid,1343200,4889,31689,40.24%,-0.3746896049,SLCN,N/A,"10:37:52 ET"
NVDA,207.26,Put,220,2026-06-08T16:30:00-05:00,0,"13.20 x 20","13.40 x 12",13.33,1000,mid,1333000,1144,2524,56.13%,-0.9799502132,MLET,N/A,"10:16:27 ET"
INTC,111.44,Call,170,2026-09-18T16:30:00-05:00,102,"6.80 x 130","7.00 x 156",7,1895,ask,1326500,2239,4141,91.26%,0.26877549198215,AUTO,N/A,"11:00:31 ET"
AMD,489.745,Call,500,2026-06-12T16:30:00-05:00,4,"12.95 x 237","13.65 x 81",13.3,997,mid,1326000,6357,3069,86.57%,0.42896139430504,SLAN,N/A,"12:06:45 ET"
CBRS,235.1,Call,260,2026-07-17T16:30:00-05:00,39,"26.40 x 5","27.00 x 492",26.95,492,mid,1325900,3313,216,118.46%,0.47761202759527,AUTO,N/A,"11:07:31 ET"
MSFT,409.7125,Call,460,2026-08-21T16:30:00-05:00,74,"9.95 x 63","10.00 x 37",9.99,1327,mid,1325600,7419,6694,35.50%,0.27098084509662,MLET,N/A,"13:26:27 ET"
APLD,40,Call,23,2026-06-18T16:30:00-05:00,10,"17.15 x 182","18.35 x 823",17.15,772,bid,1323900,841,2610,241.64%,0.94364729450058,AUTO,N/A,"09:55:57 ET"
MU,948.255,Put,900,2026-06-18T16:30:00-05:00,10,"41.00 x 64","42.05 x 3",42.1,314,ask,1321900,3951,6159,104.70%,-0.3472128753,AUTO,N/A,"11:01:50 ET"
FSLR,277.16,Put,170,2028-01-21T16:30:00-06:00,592,"22.25 x 14","22.30 x 592",22.3,592,ask,1320100,1000,3873,62.60%,-0.1416342498,AUTO,N/A,"14:37:12 ET"
GOOGL,361.345,Call,420,2027-12-17T16:30:00-06:00,557,"55.00 x 40","56.85 x 233",55,240,bid,1320000,1937,2936,38.82%,0.51472257848279,AUTO,N/A,"10:08:09 ET"
TSLA,398.4678,Put,260,2027-06-17T16:30:00-05:00,374,"18.30 x 105","18.90 x 128",18.85,700,mid,1319500,700,4805,53.81%,-0.1319186836,TLFT,N/A,"09:41:28 ET"
IBM,289.56,Call,220,2026-06-18T16:30:00-05:00,10,"64.30 x 1","68.45 x 1",65.8,200,mid,1316000,500,2333,0.00%,0,AUTO,N/A,"09:30:01 ET"
CBRS,235.415,Call,260,2026-07-17T16:30:00-05:00,39,"26.00 x 1","28.10 x 11",26.3,500,mid,1315000,3814,216,120.09%,0.48138103948632,AUTO,N/A,"11:17:42 ET"
NVDA,208.915,Put,228,2026-06-18T16:30:00-05:00,10,"19.60 x 23","20.20 x 45",19.9,660,mid,1313300,1122,1799,44.23%,-0.8774753088,MLAT,N/A,"09:39:27 ET"
INTC,111.355,Call,95,2026-06-18T16:30:00-05:00,10,"16.95 x 906","18.00 x 729",18,729,ask,1312200,1108,11965,101.23%,0.85004716552442,AUTO,N/A,"11:05:38 ET"
FSLR,282.78,Call,380,2027-01-15T16:30:00-06:00,221,"31.75 x 30","33.70 x 5",33.38,393,mid,1311800,1654,8549,68.34%,0.40256783444694,MLET,N/A,"10:06:07 ET"
INTC,107.07,Call,80,2028-01-21T16:30:00-06:00,592,"51.00 x 24","54.35 x 126",52.31,250,mid,1307700,351,9885,80.06%,0.79636022484876,SLAN,N/A,"09:58:18 ET"
MSTR,126.215,Call,55,2026-07-24T16:30:00-05:00,46,"68.05 x 23","74.35 x 26",71.29,183,mid,1304600,283,100,0.00%,0,MLET,N/A,"10:31:27 ET"
NVDA,207.72,Put,180,2026-12-18T16:30:00-06:00,193,"12.80 x 574","13.05 x 628",13.04,1000,mid,1304000,1091,20985,45.89%,-0.2596918286,MLCT,N/A,"10:28:00 ET"
LITE,877.185,Put,870,2026-06-12T16:30:00-05:00,4,"38.40 x 12","43.70 x 1",42,310,mid,1302000,318,115,124.69%,-0.4479730992,AUTO,ToOpen,"10:10:31 ET"
GOOG,358.8777,Put,340,2026-06-26T16:30:00-05:00,18,"3.15 x 338","3.50 x 50",3.25,4000,mid,1300000,4023,4492,33.30%,-0.2153778369,MLCT,N/A,"10:22:44 ET"
MSTR,126.215,Call,55,2026-07-10T16:30:00-05:00,32,"67.55 x 30","73.95 x 30",70.87,183,mid,1296900,283,0,0.00%,0,MLET,ToOpen,"10:31:27 ET"
FSLR,282.78,Call,460,2027-06-17T16:30:00-05:00,374,"32.50 x 2","34.75 x 175",32.98,393,mid,1296100,2168,2004,63.67%,0.35518819521852,MLET,N/A,"10:06:07 ET"
MSFT,412.51,Call,460,2026-12-18T16:30:00-06:00,193,"25.50 x 67","26.10 x 349",25.82,500,mid,1291000,578,4783,34.27%,0.39903990170704,MLAT,N/A,"09:55:59 ET"
AMZN,246.26,Put,240,2027-01-15T16:30:00-06:00,221,"21.35 x 347","21.85 x 214",21.4,600,mid,1284000,606,3135,35.82%,-0.3863927485,TLFT,N/A,"12:44:34 ET"
MU,959.3,Put,955,2026-06-18T16:30:00-05:00,10,"63.40 x 74","65.00 x 55",64.16,200,mid,1283200,352,171,105.73%,-0.4531664825,MLET,N/A,"12:13:53 ET"
ARM,364.0495,Call,420,2026-07-17T16:30:00-05:00,39,"26.00 x 493","26.35 x 11",26,493,bid,1281800,1266,384,95.70%,0.38667251839926,AUTO,N/A,"11:18:45 ET"
SNDK,1661.431,Put,1600,2026-06-18T16:30:00-05:00,10,"84.00 x 21","87.80 x 5",85.98,149,mid,1281100,235,1980,108.43%,-0.3804464031,MLET,N/A,"11:53:29 ET"
TSLA,396.79,Put,400,2026-07-17T16:30:00-05:00,39,"25.35 x 1","25.95 x 16",25.52,500,mid,1276000,577,15082,47.56%,-0.4822099446,MLFT,N/A,"09:32:16 ET"
AMD,488.36,Call,500,2026-06-12T16:30:00-05:00,4,"12.55 x 191","12.70 x 1000",12.7,1000,ask,1270000,10886,3069,86.74%,0.41696846643911,AUTO,N/A,"15:47:23 ET"
AAPL,305.2,Call,325,2026-11-20T16:30:00-06:00,165,"15.15 x 215","16.30 x 62",15.89,798,mid,1268000,847,1579,26.79%,0.42969354256035,TLAT,N/A,"14:18:44 ET"
AKAM,144.9925,Call,170,2026-08-21T16:30:00-05:00,74,"8.80 x 6","9.40 x 2",9.05,1400,mid,1267000,1404,1133,65.80%,0.35809685378897,MFSL,ToOpen,"11:23:05 ET"
LOW,209.625,Put,260,2026-06-18T16:30:00-05:00,10,"49.40 x 128","51.70 x 182",50.55,250,mid,1263700,520,265,66.43%,-0.9729799366,MLFT,N/A,"15:47:18 ET"
TSM,427.28,Call,400,2027-01-15T16:30:00-06:00,221,"82.45 x 311","84.00 x 150",84,150,ask,1260000,160,3558,51.72%,0.65687989189416,AUTO,N/A,"09:59:22 ET"
TWLO,217.02,Call,260,2026-08-21T16:30:00-05:00,74,"13.40 x 285","16.50 x 22",14.93,840,mid,1254100,840,640,73.82%,0.3613734979043,MLAT,ToOpen,"10:26:57 ET"
AMD,478.8,Call,570,2027-06-17T16:30:00-05:00,374,"116.05 x 54","117.60 x 215",116.05,108,bid,1253300,925,105,72.38%,0.57233753552977,AUTO,N/A,"09:57:33 ET"
INTC,110.675,Put,110,2027-06-17T16:30:00-05:00,374,"30.25 x 417","32.65 x 410",31.2,400,mid,1248000,401,0,78.04%,-0.3333874558,MLFT,ToOpen,"12:59:40 ET"
RUN,13.645,Call,21,2026-09-18T16:30:00-05:00,102,"0.62 x 1774","0.90 x 128",0.83,15000,mid,1245000,15000,25,89.20%,0.25564815292407,MLFT,ToOpen,"14:22:48 ET"
CORZ,27.155,Call,12,2027-01-15T16:30:00-06:00,221,"15.80 x 910","16.75 x 1347",16.05,775,mid,1243800,776,41860,98.32%,0.93057529243548,SLFT,N/A,"14:54:17 ET"
CRWV,102.65,Call,115,2026-07-17T16:30:00-05:00,39,"7.35 x 70","7.45 x 100",7.45,1668,ask,1242600,2053,4209,88.53%,0.40740584351735,AUTO,N/A,"14:38:49 ET"
INTC,110.675,Put,70,2027-06-17T16:30:00-05:00,374,"9.05 x 576","11.30 x 399",10.35,1200,mid,1242000,1207,0,78.23%,-0.1557793078,MLFT,ToOpen,"12:59:40 ET"
AMD,490.135,Call,510,2026-06-12T16:30:00-05:00,4,"9.20 x 97","9.70 x 598",9.7,1279,ask,1240600,4314,1510,86.11%,0.34777839416993,AUTO,N/A,"12:14:37 ET"
AVGO,398.74,Call,390,2026-12-18T16:30:00-06:00,193,"66.70 x 186","67.55 x 263",66.7,186,bid,1240600,228,738,52.22%,0.61273046877392,AUTO,N/A,"11:17:14 ET"
AMZN,246.49,Put,245,2027-06-17T16:30:00-05:00,374,"30.65 x 238","31.50 x 104",30.97,400,mid,1238800,405,718,36.65%,-0.3950941501,MLFT,N/A,"12:31:28 ET"
MU,959.3,Call,960,2026-06-12T16:30:00-05:00,4,"45.20 x 31","45.45 x 272",45.45,272,ask,1236200,4416,620,115.09%,0.52289476373743,AUTO,N/A,"12:16:25 ET"
AMZN,246.49,Put,230,2028-01-21T16:30:00-06:00,592,"30.60 x 304","31.35 x 330",30.83,400,mid,1233200,402,6546,37.22%,-0.3207116794,MLFT,N/A,"12:31:28 ET"
AAL,13.775,Put,12,2027-01-15T16:30:00-06:00,221,"1.23 x 302","1.30 x 211",1.23,10000,bid,1230000,10205,32774,52.37%,-0.2862195122,TLCT,N/A,"15:29:54 ET"
MSFT,411.56,Put,435,2026-12-18T16:30:00-06:00,193,"49.95 x 41","50.00 x 50",49.95,246,bid,1228700,332,308,33.02%,-0.5291699421,AUTO,N/A,"13:55:23 ET"
"Downloaded from Barchart.com as of 06-08-2026 10:07pm CDT"
