Symbol,Price~,"Exp Date",DTE,Type,Strike,Moneyness,Bid,Ask,Volume,"Imp Vol",IV,Vega,Delta,Time
CBRS,237.83,2026-06-18,10,Call,500.00,-110.23%,0.55,1.05,581,117.20%,214.32%,0.025143,0.027795,2026-06-08
CBRS,237.83,2026-06-12,4,Call,360.00,-51.37%,0.3,1.2,750,117.20%,210.55%,0.020791,0.038479,2026-06-08
AAOI,196.64,2026-06-12,4,Call,280.00,-42.39%,0.95,1.05,8581,147.86%,203.08%,0.024546,0.060067,2026-06-08
TSLA,408.95,2027-12-17,557,Call,5.00,+98.78%,402.25,408.05,643,47.51%,202.78%,0.0202,0.998794,2026-06-08
CGON,54.4,2026-06-18,10,Call,65.00,-19.49%,2.95,4.1,1036,127.45%,196.01%,0.033374,0.350668,2026-06-08
SNDK,1642,2026-06-12,4,Put,"1,000.00",-39.10%,0.6,0.65,609,103.89%,194.22%,0.027103,-0.005509,2026-06-08
AAOI,196.64,2026-06-12,4,Put,150.00,-23.72%,1.25,1.55,528,147.86%,191.64%,0.028631,-0.073283,2026-06-08
AAOI,196.64,2026-06-12,4,Call,250.00,-27.14%,2.25,2.6,4078,147.86%,189.66%,0.044449,0.133916,2026-06-08
WOLF,55.42,2026-06-12,4,Call,56.00,-1.05%,3.1,4.95,1143,134.41%,185.07%,0.02312,0.518015,2026-06-08
AAOI,196.64,2026-06-12,4,Call,240.00,-22.05%,3.1,3.5,1727,147.86%,184.64%,0.053176,0.175585,2026-06-08
AAOI,196.64,2026-06-18,10,Call,300.00,-52.56%,2.6,2.9,9383,147.86%,183.38%,0.060443,0.108099,2026-06-08
WOLF,55.42,2026-06-12,4,Call,60.00,-8.26%,2.23,2.76,2216,134.41%,183.11%,0.022014,0.375856,2026-06-08
AAOI,196.64,2026-06-12,4,Call,230.00,-16.97%,4.5,5,8993,147.86%,183.04%,0.063369,0.235749,2026-06-08
AAOI,196.64,2026-06-12,4,Call,215.00,-9.34%,7.3,9.1,1196,147.86%,182.76%,0.076718,0.356101,2026-06-08
AAOI,196.64,2026-06-12,4,Call,225.00,-14.42%,5.4,5.8,967,147.86%,181.10%,0.068019,0.269654,2026-06-08
AAOI,196.64,2026-06-12,4,Put,210.00,+6.79%,21.8,23.7,505,147.86%,179.26%,0.079491,-0.600627,2026-06-08
MU,949.28,2026-06-18,10,Put,470.00,-50.49%,0.4,0.64,1015,101.26%,176.81%,0.024215,-0.005369,2026-06-08
AAOI,196.64,2026-06-12,4,Call,220.00,-11.88%,6.1,6.7,3729,147.86%,176.37%,0.071973,0.303766,2026-06-08
AAOI,196.64,2026-06-12,4,Call,190.00,+3.38%,17.1,18.3,1376,147.86%,174.80%,0.078931,0.610804,2026-06-08
CBRS,237.83,2026-06-12,4,Call,310.00,-30.35%,1.3,1.95,2288,117.20%,174.42%,0.039503,0.087232,2026-06-08
MU,949.28,2026-06-12,4,Put,630.00,-33.63%,0.54,0.64,650,101.26%,173.97%,0.025426,-0.00954,2026-06-08
AAOI,196.64,2026-06-12,4,Call,210.00,-6.79%,8.8,9.2,4823,147.86%,173.39%,0.079196,0.393865,2026-06-08
AAOI,196.64,2026-06-12,4,Call,205.00,-4.25%,10,11.5,1127,147.86%,173.37%,0.081358,0.445712,2026-06-08
AAOI,196.64,2026-06-12,4,Call,200.00,-1.71%,12.4,13.1,8205,147.86%,173.31%,0.082119,0.4998,2026-06-08
AAOI,196.64,2026-06-12,4,Put,200.00,+1.71%,15.5,16.5,1329,147.86%,172.87%,0.082118,-0.500566,2026-06-08
AAOI,196.64,2026-06-12,4,Call,195.00,+0.83%,14,15.6,1188,147.86%,170.53%,0.081336,0.555041,2026-06-08
BE,253.57,2026-06-12,4,Put,190.00,-25.07%,0.68,1,566,109.55%,169.35%,0.024181,-0.04283,2026-06-08
CBRS,237.83,2026-06-12,4,Call,300.00,-26.14%,1.9,2.3,782,117.20%,169.03%,0.04709,0.110893,2026-06-08
AAOI,196.64,2026-06-12,4,Call,197.50,-0.44%,12.5,14.5,606,147.86%,169.00%,0.08194,0.526323,2026-06-08
AAOI,196.64,2026-06-18,10,Call,250.00,-27.14%,6.4,6.7,2103,147.86%,167.31%,0.099835,0.234217,2026-06-08
MU,949.28,2026-06-18,10,Put,500.00,-47.33%,0.6,0.66,602,101.26%,166.38%,0.029789,-0.006783,2026-06-08
AEHR,95.58,2026-06-12,4,Call,107.00,-11.95%,2.05,3.4,515,147.22%,165.65%,0.034086,0.287077,2026-06-08
MU,949.28,2026-06-12,4,Put,650.00,-31.53%,0.6,0.76,1346,101.26%,165.27%,0.029649,-0.01138,2026-06-08
MU,949.28,2026-06-12,4,Put,660.00,-30.47%,0.71,0.87,734,101.26%,162.77%,0.033724,-0.013203,2026-06-08
BE,253.57,2026-06-12,4,Put,195.00,-23.10%,0.88,1.12,1148,109.55%,162.68%,0.028076,-0.051601,2026-06-08
MU,949.28,2026-06-18,10,Put,510.00,-46.28%,0.5,0.81,1077,101.26%,162.49%,0.031365,-0.007191,2026-06-08
CBRS,237.83,2026-06-18,10,Call,350.00,-47.16%,2.25,3,574,117.20%,162.45%,0.067561,0.09699,2026-06-08
BE,253.57,2026-06-12,4,Put,200.00,-21.13%,1.18,1.54,1166,109.55%,161.08%,0.034696,-0.067593,2026-06-08
BE,253.57,2026-06-12,4,Put,205.00,-19.15%,1.65,2.05,657,109.55%,160.20%,0.042346,-0.087867,2026-06-08
BE,253.57,2026-06-12,4,Put,207.50,-18.17%,1.86,2.37,526,109.55%,159.17%,0.046149,-0.098712,2026-06-08
AAOI,196.64,2026-06-18,10,Call,200.00,-1.71%,18.5,19.8,1434,147.86%,158.55%,0.12952,0.528075,2026-06-08
SNDK,1642,2026-06-12,4,Put,"1,200.00",-26.92%,2.25,3,587,103.89%,158.53%,0.097595,-0.024146,2026-06-08
RKLB,113.65,2026-06-12,4,Put,140.00,+23.19%,26.45,28.2,1168,103.79%,157.30%,0.023531,-0.881867,2026-06-08
AAOI,196.64,2026-06-18,10,Call,210.00,-6.79%,14,16.2,1314,147.86%,157.18%,0.128929,0.452717,2026-06-08
BE,253.57,2026-06-12,4,Put,210.00,-17.18%,2.18,2.54,604,109.55%,157.14%,0.049665,-0.10923,2026-06-08
CBRS,237.83,2026-06-18,10,Call,330.00,-38.75%,3.1,4,613,117.20%,156.27%,0.082641,0.128566,2026-06-08
WOLF,55.42,2026-06-18,10,Call,60.00,-8.26%,3.55,4.3,692,134.41%,155.74%,0.036036,0.430411,2026-06-08
MU,949.28,2026-06-26,18,Put,480.00,-49.44%,1.72,2.35,694,101.26%,155.11%,0.082226,-0.01552,2026-06-08
BE,253.57,2026-06-12,4,Put,215.00,-15.21%,2.74,3.3,620,109.55%,154.72%,0.057699,-0.135218,2026-06-08
AAOI,196.64,2026-07-17,39,Call,300.00,-52.56%,12.5,15,690,147.86%,154.61%,0.217304,0.282519,2026-06-08
NBIS,218,2026-06-12,4,Put,170.00,-22.02%,0.71,0.92,749,114.21%,153.85%,0.024238,-0.05187,2026-06-08
NBIS,218,2026-06-12,4,Put,175.00,-19.72%,1.12,1.3,861,114.21%,152.95%,0.031609,-0.072886,2026-06-08
SNDK,1642,2026-06-12,4,Put,"1,250.00",-23.87%,3.5,4.6,516,103.89%,152.39%,0.137722,-0.036576,2026-06-08
LWLG,10.3,2026-12-18,193,Call,36.00,-249.51%,1.05,1.5,1171,154.82%,152.09%,0.025536,0.287573,2026-06-08
ASTS,92.06,2026-06-18,10,Call,135.00,-46.64%,0.71,0.85,707,115.50%,151.79%,0.023003,0.081629,2026-06-08
MU,949.28,2026-06-12,4,Put,695.00,-26.79%,1.1,1.28,725,101.26%,151.53%,0.048789,-0.020325,2026-06-08
NBIS,218,2026-06-12,4,Put,180.00,-17.43%,1.65,1.75,1488,114.21%,150.92%,0.03943,-0.09788,2026-06-08
LWLG,10.3,2027-01-15,221,Call,36.00,-249.51%,1.25,1.75,561,154.82%,149.98%,0.028641,0.319482,2026-06-08
ASTS,92.06,2026-06-12,4,Call,109.00,-18.40%,1.04,1.22,733,115.50%,149.76%,0.0234,0.159494,2026-06-08
MU,949.28,2026-06-12,4,Put,700.00,-26.26%,1.18,1.32,3931,101.26%,149.71%,0.051101,-0.021468,2026-06-08
ASTS,92.06,2026-06-12,4,Call,110.00,-19.49%,0.94,1.08,3190,115.50%,149.69%,0.022031,0.145634,2026-06-08
BE,253.57,2026-06-12,4,Put,220.00,-13.24%,3.5,3.7,1133,109.55%,148.90%,0.064783,-0.160741,2026-06-08
NBIS,218,2026-06-12,4,Put,185.00,-15.14%,2.22,2.44,689,114.21%,148.70%,0.047828,-0.128252,2026-06-08
MRVL,288.85,2026-06-18,10,Put,180.00,-37.68%,0.51,0.64,552,106.04%,148.58%,0.023349,-0.020199,2026-06-08
ASTS,92.06,2026-06-12,4,Call,107.00,-16.23%,1.29,1.45,1391,115.50%,148.46%,0.025931,0.187404,2026-06-08
AAOI,196.64,2026-07-17,39,Call,250.00,-27.14%,20.6,22.1,842,147.86%,148.39%,0.248876,0.403482,2026-06-08
MRVL,288.85,2026-06-18,10,Call,480.00,-66.18%,0.55,0.75,2016,106.04%,148.39%,0.02901,0.026138,2026-06-08
NBIS,218,2026-06-18,10,Call,160.00,+26.61%,59.2,61.6,762,114.21%,148.34%,0.055039,0.917239,2026-06-08
MRVL,288.85,2026-06-12,4,Call,390.00,-35.02%,0.5,0.56,638,106.04%,148.31%,0.02165,0.031898,2026-06-08
ASTS,92.06,2026-06-18,10,Call,130.00,-41.21%,0.9,1.05,2322,115.50%,148.29%,0.026822,0.100401,2026-06-08
RDW,18.57,2026-08-21,74,Call,39.00,-110.02%,1.05,1.3,1066,139.32%,147.91%,0.0248,0.220659,2026-06-08
ASTS,92.06,2026-06-12,4,Call,105.00,-14.06%,1.65,1.7,2101,115.50%,147.72%,0.028568,0.220447,2026-06-08
CBRS,237.83,2026-07-17,39,Call,500.00,-110.23%,4,4.8,549,117.20%,147.37%,0.134378,0.097937,2026-06-08
NBIS,218,2026-06-12,4,Put,190.00,-12.84%,3.05,3.3,929,114.21%,147.19%,0.056788,-0.165621,2026-06-08
ASTS,92.06,2026-06-18,10,Call,125.00,-35.78%,1.24,1.35,658,115.50%,146.69%,0.031946,0.128315,2026-06-08
AAOI,196.64,2026-07-17,39,Call,200.00,-1.71%,35.6,36.8,1108,147.86%,146.57%,0.250694,0.58413,2026-06-08
WOLF,55.42,2026-06-18,10,Call,50.00,+9.78%,7.85,8.7,605,134.41%,146.47%,0.03146,0.708805,2026-06-08
MRVL,288.85,2026-06-12,4,Call,380.00,-31.56%,0.7,0.78,1535,106.04%,146.12%,0.027778,0.043279,2026-06-08
SNDK,1642,2026-06-12,4,Put,"1,300.00",-20.83%,5.7,6.5,2036,103.89%,146.05%,0.188716,-0.054085,2026-06-08
MRVL,288.85,2026-06-12,4,Call,375.00,-29.83%,0.85,0.95,2397,106.04%,145.79%,0.031887,0.051407,2026-06-08
BRK.B,487,2026-06-18,10,Call,300.00,+38.40%,186.65,189.45,4818,16.76%,145.69%,0.033029,0.983562,2026-06-08
MRVL,288.85,2026-06-12,4,Put,220.00,-23.84%,0.51,0.6,1736,106.04%,145.20%,0.021016,-0.030772,2026-06-08
AXTI,90.78,2026-06-18,10,Call,95.00,-4.65%,6.1,7.8,1045,140.98%,144.94%,0.05981,0.473862,2026-06-08
CBRS,237.83,2026-06-12,4,Call,250.00,-5.12%,8.7,10.2,1598,117.20%,144.55%,0.096227,0.400686,2026-06-08
ASTS,92.06,2026-06-12,4,Put,100.00,+8.62%,10.35,10.8,520,115.50%,144.43%,0.034423,-0.680817,2026-06-08
BE,253.57,2026-06-12,4,Put,230.00,-9.30%,5.4,5.95,851,109.55%,144.31%,0.081496,-0.234606,2026-06-08
ASTS,92.06,2026-06-18,10,Call,120.00,-30.35%,1.63,1.75,1899,115.50%,144.16%,0.037336,0.161721,2026-06-08
CBRS,237.83,2026-06-18,10,Call,300.00,-26.14%,5.2,6,1928,117.20%,144.13%,0.109425,0.197646,2026-06-08
MRVL,288.85,2026-06-12,4,Call,370.00,-28.09%,0.99,1.09,1197,106.04%,144.00%,0.035478,0.058842,2026-06-08
MU,949.28,2026-06-18,10,Put,600.00,-36.79%,1.76,1.91,790,101.26%,143.98%,0.07701,-0.020284,2026-06-08
ASTS,92.06,2026-06-12,4,Call,100.00,-8.62%,2.59,2.71,4804,115.50%,143.84%,0.0344,0.318612,2026-06-08
MU,949.28,2026-06-12,4,Put,725.00,-23.63%,1.67,1.95,796,101.26%,143.77%,0.069206,-0.030847,2026-06-08
CPSH,7.75,2027-01-15,221,Call,10.00,-29.03%,2.05,3.5,531,201.19%,143.76%,0.022612,0.637557,2026-06-08
ASTS,92.06,2026-06-12,4,Call,99.00,-7.54%,2.82,3,528,115.50%,143.33%,0.035393,0.342081,2026-06-08
NBIS,218,2026-06-12,4,Put,200.00,-8.26%,5.35,5.6,1905,114.21%,143.29%,0.073613,-0.257231,2026-06-08
NBIS,218,2026-06-12,4,Call,210.00,+3.67%,16.8,17.65,504,114.21%,143.16%,0.086297,0.628202,2026-06-08
ASTS,92.06,2026-06-12,4,Call,93.00,-1.02%,5,5.15,508,115.50%,142.88%,0.038443,0.503794,2026-06-08
ASTS,92.06,2026-06-12,4,Put,80.00,-13.10%,1.12,1.26,1604,115.50%,142.78%,0.022931,-0.154652,2026-06-08
ASTS,92.06,2026-06-12,4,Call,94.00,-2.11%,4.5,4.75,955,115.50%,142.36%,0.03837,0.474971,2026-06-08
MRVL,288.85,2026-06-12,4,Put,225.00,-22.10%,0.67,0.79,1092,106.04%,142.34%,0.025937,-0.039766,2026-06-08
MU,949.28,2026-06-12,4,Put,730.00,-23.10%,1.75,2.1,556,101.26%,142.28%,0.072919,-0.032862,2026-06-08
NBIS,218,2026-06-18,10,Put,165.00,-24.31%,2.43,2.69,657,114.21%,142.24%,0.061458,-0.095989,2026-06-08
NBIS,218,2026-06-12,4,Put,205.00,-5.96%,6.95,7.2,825,114.21%,142.21%,0.080748,-0.31213,2026-06-08
BTDR,18.49,2026-07-17,39,Call,25.00,-35.21%,1.45,1.65,31088,137.12%,142.14%,0.022181,0.341476,2026-06-08
MRVL,288.85,2026-06-12,4,Call,360.00,-24.63%,1.38,1.5,4067,106.04%,141.29%,0.044506,0.078941,2026-06-08
SNDK,1642,2026-06-12,4,Put,"1,325.00",-19.31%,6.3,7.9,558,103.89%,141.28%,0.213793,-0.063402,2026-06-08
CBRS,237.83,2026-06-12,4,Call,240.00,-0.91%,12.4,13.7,1332,117.20%,141.11%,0.099309,0.506003,2026-06-08
ASTS,92.06,2026-06-12,4,Call,95.00,-3.19%,4,4.35,1574,115.50%,141.10%,0.03809,0.445788,2026-06-08
MRVL,288.85,2026-06-12,4,Call,365.00,-26.36%,1.04,1.28,727,106.04%,141.04%,0.038678,0.065731,2026-06-08
MRVL,288.85,2026-06-12,4,Call,355.00,-22.90%,1.64,1.86,573,106.04%,140.97%,0.050417,0.093256,2026-06-08
BE,253.57,2026-06-12,4,Call,227.50,+10.28%,29.5,32.2,695,109.55%,140.32%,0.075983,0.792412,2026-06-08
BE,253.57,2026-06-12,4,Put,240.00,-5.35%,8.2,9.05,707,109.55%,140.27%,0.095682,-0.326221,2026-06-08
NBIS,218,2026-06-12,4,Call,270.00,-23.85%,1.1,1.2,1024,114.21%,140.10%,0.035006,0.083382,2026-06-08
ABVX,101.53,2026-07-17,39,Put,50.00,-50.75%,0.8,0.85,1259,117.14%,140.07%,0.026967,-0.03721,2026-06-08
ASTS,92.06,2026-06-18,10,Call,110.00,-19.49%,2.9,3.05,1754,115.50%,140.06%,0.04928,0.258527,2026-06-08
ASTS,92.06,2026-06-12,4,Call,90.00,+2.24%,6.25,6.6,1177,115.50%,139.88%,0.037437,0.591151,2026-06-08
UMAC,25.85,2026-08-21,74,Call,45.00,-74.08%,1.85,2.55,1922,126.03%,139.62%,0.039793,0.289257,2026-06-08
MU,949.28,2026-06-12,4,Put,740.00,-22.05%,2.02,2.37,1103,101.26%,139.54%,0.081254,-0.037496,2026-06-08
ASTS,92.06,2026-06-12,4,Put,85.00,-7.67%,2.29,2.39,1386,115.50%,138.80%,0.03164,-0.266234,2026-06-08
MRVL,288.85,2026-06-18,10,Call,425.00,-47.14%,1.42,1.68,963,106.04%,138.79%,0.056331,0.059157,2026-06-08
MRVL,288.85,2026-06-12,4,Put,230.00,-20.37%,0.87,0.99,1757,106.04%,138.75%,0.031254,-0.050129,2026-06-08
CBRS,237.83,2026-06-12,4,Call,230.00,+3.29%,17,18.7,1028,117.20%,138.58%,0.094776,0.620226,2026-06-08
MRVL,288.85,2026-06-12,4,Call,350.00,-21.17%,1.94,2.06,17471,106.04%,138.50%,0.055277,0.105769,2026-06-08
ASTS,92.06,2026-06-12,4,Put,90.00,-2.24%,4.1,4.45,1000,115.50%,138.38%,0.037433,-0.408668,2026-06-08
NBIS,218,2026-06-12,4,Call,260.00,-19.27%,1.8,1.95,1337,114.21%,138.31%,0.04744,0.126759,2026-06-08
NBIS,218,2026-06-12,4,Put,215.00,-1.38%,10.75,11.25,618,114.21%,138.15%,0.089726,-0.432341,2026-06-08
NBIS,218,2026-06-12,4,Put,220.00,+0.92%,13.3,13.9,1647,114.21%,138.08%,0.091032,-0.495498,2026-06-08
CBRS,237.83,2026-06-12,4,Put,200.00,-15.91%,1.5,2,525,117.20%,137.81%,0.044033,-0.101057,2026-06-08
ABVX,101.53,2026-07-02,24,Put,100.00,-1.51%,11.9,14.6,2563,117.14%,137.67%,0.101259,-0.411066,2026-06-08
BTDR,18.49,2026-07-17,39,Call,22.50,-21.69%,1.85,2.15,1453,137.12%,137.63%,0.023621,0.419722,2026-06-08
MU,949.28,2026-06-12,4,Put,747.50,-21.26%,2.26,2.55,736,101.26%,137.29%,0.087701,-0.041185,2026-06-08
SNDK,1642,2026-06-12,4,Put,"1,350.00",-17.78%,7.8,9.1,1092,103.89%,137.26%,0.244175,-0.075337,2026-06-08
AOSL,44.2,2026-07-17,39,Call,60.00,-35.75%,3.2,3.6,3650,135.18%,137.19%,0.052121,0.326876,2026-06-08
NBIS,218,2026-06-12,4,Call,255.00,-16.97%,2.25,2.48,728,114.21%,137.08%,0.054224,0.154324,2026-06-08
NBIS,218,2026-06-12,4,Call,250.00,-14.68%,3,3.1,4402,114.21%,137.05%,0.061798,0.189349,2026-06-08
RDW,18.57,2026-07-17,39,Call,20.00,-7.70%,2.7,2.85,505,139.32%,136.98%,0.024161,0.526728,2026-06-08
MRVL,288.85,2026-06-12,4,Call,345.00,-19.44%,2.24,2.46,1527,106.04%,136.93%,0.061204,0.122017,2026-06-08
RDW,18.57,2026-08-21,74,Call,25.00,-34.63%,2.6,2.75,1284,139.32%,136.84%,0.032919,0.43553,2026-06-08
MU,949.28,2026-07-17,39,Put,390.00,-58.92%,2.11,2.44,1015,101.26%,136.76%,0.10501,-0.013161,2026-06-08
VSH,57.22,2026-06-18,10,Call,65.00,-13.60%,2.35,2.6,690,115.90%,136.75%,0.034191,0.327533,2026-06-08
MU,949.28,2026-06-12,4,Put,755.00,-20.47%,2.59,3,581,101.26%,136.71%,0.097649,-0.047056,2026-06-08
NBIS,218,2026-06-12,4,Call,225.00,-3.21%,9.3,9.65,3912,114.21%,136.70%,0.090067,0.441738,2026-06-08
NBIS,218,2026-06-12,4,Call,230.00,-5.50%,7.55,7.8,1301,114.21%,136.52%,0.087014,0.381801,2026-06-08
MU,949.28,2026-06-12,4,Put,750.00,-20.99%,2.4,2.55,4441,101.26%,136.50%,0.089862,-0.042442,2026-06-08
MRVL,288.85,2026-06-12,4,Call,335.00,-15.98%,3.25,3.65,1061,106.04%,136.37%,0.07578,0.167452,2026-06-08
VSH,57.22,2026-06-18,10,Call,60.00,-4.86%,3.8,4.2,760,115.90%,136.13%,0.037607,0.462324,2026-06-08
NBIS,218,2026-06-12,4,Call,235.00,-7.80%,6,6.25,674,114.21%,136.03%,0.082147,0.325125,2026-06-08
NBIS,218,2026-06-12,4,Put,225.00,+3.21%,15.95,16.7,546,114.21%,135.95%,0.090035,-0.55915,2026-06-08
NBIS,218,2026-06-12,4,Call,245.00,-12.39%,3.75,3.9,1284,114.21%,135.94%,0.068895,0.227637,2026-06-08
MRVL,288.85,2026-06-12,4,Call,340.00,-17.71%,2.69,2.9,18421,106.04%,135.80%,0.067829,0.14161,2026-06-08
NBIS,218,2026-06-12,4,Call,232.50,-6.65%,6.7,6.95,508,114.21%,135.78%,0.084723,0.352259,2026-06-08
MRVL,288.85,2026-06-12,4,Call,332.50,-15.11%,3.55,3.95,1762,106.04%,135.75%,0.07925,0.179659,2026-06-08
ASTS,92.06,2026-06-18,10,Call,105.00,-14.06%,3.65,4,994,115.50%,135.69%,0.054458,0.319552,2026-06-08
BE,253.57,2026-06-12,4,Put,252.50,-0.42%,12.9,14.6,816,109.55%,135.67%,0.105331,-0.458953,2026-06-08
BTDR,18.49,2026-07-17,39,Call,20.00,-8.17%,2.55,2.85,5958,137.12%,135.61%,0.024076,0.521325,2026-06-08
BE,253.57,2026-06-12,4,Call,250.00,+1.41%,15.6,16.7,1883,109.55%,135.57%,0.104308,0.568944,2026-06-08
MU,949.28,2026-06-12,4,Put,760.00,-19.94%,2.75,3.25,503,101.26%,135.53%,0.103153,-0.050398,2026-06-08
SATS,116.62,2026-06-18,10,Call,155.00,-32.91%,1.25,1.7,667,93.80%,135.52%,0.039669,0.124694,2026-06-08
FLNC,24.07,2026-08-21,74,Call,37.00,-53.72%,2.4,2.7,869,129.99%,135.31%,0.040088,0.348715,2026-06-08
MRVL,288.85,2026-06-12,4,Put,235.00,-18.64%,1.1,1.26,764,106.04%,135.19%,0.037357,-0.062857,2026-06-08
MRVL,288.85,2026-06-26,18,Call,480.00,-66.18%,2,2.19,752,106.04%,135.16%,0.078645,0.062247,2026-06-08
NBIS,218,2026-06-18,10,Put,180.00,-17.43%,4.55,4.95,1038,114.21%,135.00%,0.089671,-0.165281,2026-06-08
ASTS,92.06,2026-06-18,10,Call,100.00,-8.62%,5.05,5.3,1405,115.50%,134.92%,0.058852,0.399586,2026-06-08
TE,9.13,2027-01-15,221,Call,7.00,+23.33%,4.3,4.6,1082,143.58%,134.92%,0.020583,0.788103,2026-06-08
HYLN,7.22,2027-01-15,221,Call,10.00,-38.50%,2,2.5,1337,163.63%,134.83%,0.021797,0.593255,2026-06-08
NBIS,218,2026-06-12,4,Call,240.00,-10.09%,4.7,4.85,1911,114.21%,134.81%,0.075678,0.271597,2026-06-08
MRVL,288.85,2026-06-18,10,Put,200.00,-30.76%,1.05,1.12,732,106.04%,134.48%,0.040061,-0.038639,2026-06-08
BE,253.57,2026-06-12,4,Call,320.00,-26.20%,0.7,0.95,729,109.55%,134.43%,0.030389,0.057032,2026-06-08
BE,253.57,2026-06-12,4,Call,255.00,-0.56%,12.65,14.55,514,109.55%,134.37%,0.105835,0.513231,2026-06-08
SATS,116.62,2026-06-18,10,Call,150.00,-28.62%,1.65,2.15,808,93.80%,134.29%,0.04592,0.154606,2026-06-08
BE,253.57,2026-06-12,4,Put,250.00,-1.41%,12,12.7,1184,109.55%,134.27%,0.104311,-0.431122,2026-06-08
MRVL,288.85,2026-06-12,4,Call,330.00,-14.25%,3.9,4.1,6510,106.04%,134.21%,0.082257,0.190762,2026-06-08
OUST,40.88,2026-08-21,74,Call,50.00,-22.31%,6.5,7.3,785,127.45%,134.17%,0.073416,0.492479,2026-06-08
NVTS,24.48,2026-07-17,39,Call,40.00,-63.40%,0.71,1.1,666,133.30%,134.12%,0.021448,0.186233,2026-06-08
NBIS,218,2026-06-12,4,Put,230.00,+5.50%,18.75,20,1083,114.21%,134.02%,0.08677,-0.621646,2026-06-08
MU,949.28,2026-12-18,193,Put,87.50,-90.78%,0.1,1.02,852,101.26%,133.91%,0.035113,-0.001569,2026-06-08
ASTS,92.06,2026-07-17,39,Call,190.00,-106.39%,1.09,1.26,576,115.50%,133.74%,0.043199,0.076386,2026-06-08
TE,9.13,2028-01-21,592,Call,7.00,+23.33%,6,6.2,575,143.58%,133.72%,0.026892,0.851813,2026-06-08
MRVL,288.85,2026-06-18,10,Call,400.00,-38.48%,2.27,2.45,2943,106.04%,133.61%,0.075947,0.087368,2026-06-08
NVTS,24.48,2026-09-18,102,Call,36.00,-47.06%,3.7,3.9,3609,133.30%,133.56%,0.050806,0.429081,2026-06-08
NVTS,24.48,2026-07-17,39,Call,35.00,-42.97%,1.4,1.57,929,133.30%,133.53%,0.026794,0.276992,2026-06-08
MRVL,288.85,2026-06-12,4,Call,325.00,-12.52%,4.6,4.95,2727,106.04%,133.47%,0.089585,0.220228,2026-06-08
NVTS,24.48,2026-09-18,102,Put,23.00,-6.05%,5.45,5.95,675,133.30%,133.28%,0.046608,-0.325863,2026-06-08
MU,949.28,2026-12-18,193,Put,90.00,-90.52%,0.2,0.99,965,101.26%,133.23%,0.037128,-0.001668,2026-06-08
SATS,116.62,2026-06-12,4,Call,130.00,-11.47%,1.9,2.4,1617,93.80%,133.23%,0.037953,0.240015,2026-06-08
ALAB,346.33,2026-06-12,4,Put,300.00,-13.38%,3.2,3.8,563,109.22%,133.04%,0.078685,-0.134913,2026-06-08
MXL,79.27,2026-06-18,10,Call,100.00,-26.15%,1.35,1.6,845,121.34%,133.01%,0.033628,0.173423,2026-06-08
NVTS,24.48,2026-09-18,102,Call,30.00,-22.55%,5,5.2,4329,133.30%,132.93%,0.051473,0.530516,2026-06-08
NVTS,24.48,2026-07-17,39,Call,30.00,-22.55%,2.37,2.52,941,133.30%,132.82%,0.030999,0.404317,2026-06-08
CBRS,237.83,2026-06-12,4,Call,220.00,+7.50%,21.2,26,1641,117.20%,132.81%,0.081293,0.736618,2026-06-08
BE,253.57,2026-07-17,39,Put,130.00,-48.73%,1.78,2.27,810,109.55%,132.69%,0.069582,-0.038727,2026-06-08
ARM,346.39,2026-06-12,4,Put,280.00,-19.17%,0.97,1.36,1259,94.90%,132.57%,0.03989,-0.05422,2026-06-08
MRVL,288.85,2026-06-18,10,Call,220.00,+23.84%,70.45,73.3,563,106.04%,132.56%,0.076151,0.912295,2026-06-08
MRVL,288.85,2026-06-12,4,Put,240.00,-16.91%,1.45,1.6,2721,106.04%,132.40%,0.044732,-0.079471,2026-06-08
BE,253.57,2026-06-12,4,Call,310.00,-22.25%,1.07,1.49,1106,109.55%,132.35%,0.04097,0.084071,2026-06-08
MU,949.28,2026-06-12,4,Put,770.00,-18.89%,3.15,3.55,2407,101.26%,132.24%,0.113114,-0.056616,2026-06-08
MRVL,288.85,2026-06-12,4,Call,317.50,-9.92%,5.95,6.4,676,106.04%,132.17%,0.100051,0.270392,2026-06-08
MRVL,288.85,2026-06-12,4,Call,320.00,-10.78%,5.5,5.75,13291,106.04%,132.12%,0.096467,0.25187,2026-06-08
MU,949.28,2026-06-12,4,Put,775.00,-18.36%,3.45,3.95,573,101.26%,131.93%,0.121061,-0.061736,2026-06-08
CBRS,237.83,2026-07-17,39,Call,350.00,-47.16%,11.7,13.4,591,117.20%,131.74%,0.247316,0.250531,2026-06-08
ASTS,92.06,2026-06-18,10,Put,90.00,-2.24%,6.65,7.1,525,115.50%,131.73%,0.059377,-0.41428,2026-06-08
UMAC,25.85,2026-08-21,74,Call,30.00,-16.05%,4.4,5,754,126.03%,131.71%,0.046354,0.523177,2026-06-08
MRVL,288.85,2026-06-12,4,Put,242.50,-16.05%,1.7,1.82,810,106.04%,131.65%,0.049109,-0.090005,2026-06-08
MRVL,288.85,2026-06-12,4,Call,315.00,-9.05%,6.5,6.9,3176,106.04%,131.56%,0.103255,0.288523,2026-06-08
ARM,346.39,2026-06-12,4,Call,440.00,-27.02%,0.7,1.1,583,94.90%,131.46%,0.03609,0.047812,2026-06-08
ASTS,92.06,2026-06-18,10,Call,85.00,+7.67%,11.45,12.05,811,115.50%,131.31%,0.054163,0.684534,2026-06-08
MU,949.28,2026-06-12,4,Put,780.00,-17.83%,3.8,4.25,655,101.26%,131.20%,0.128453,-0.066629,2026-06-08
NVTS,24.48,2026-07-17,39,Call,26.00,-6.21%,3.5,3.7,1040,133.30%,131.07%,0.031812,0.533014,2026-06-08
NVTS,24.48,2026-07-17,39,Put,18.00,-26.47%,1.12,1.3,1328,133.30%,131.02%,0.020517,-0.173537,2026-06-08
NVTS,24.48,2026-09-18,102,Put,20.00,-18.30%,3.8,4.05,1117,133.30%,130.78%,0.041792,-0.257971,2026-06-08
SNDK,1642,2026-06-12,4,Put,"1,400.00",-14.74%,12,12.8,751,103.89%,130.69%,0.319267,-0.108126,2026-06-08
MRVL,288.85,2026-06-12,4,Call,312.50,-8.19%,7.05,7.4,531,106.04%,130.56%,0.106202,0.30688,2026-06-08
MRVL,288.85,2026-06-12,4,Put,245.00,-15.18%,1.93,2.07,1437,106.04%,130.44%,0.053399,-0.10085,2026-06-08
MRVL,288.85,2026-06-12,4,Put,315.00,+9.05%,31.9,33.35,515,106.04%,130.42%,0.102831,-0.71392,2026-06-08
BE,253.57,2026-06-12,4,Call,275.00,-8.45%,5.95,6.35,688,109.55%,130.33%,0.09233,0.300279,2026-06-08
NBIS,218,2026-06-18,10,Call,300.00,-37.61%,1.6,1.76,502,114.21%,129.94%,0.056136,0.084966,2026-06-08
BE,253.57,2026-06-12,4,Call,300.00,-18.31%,1.82,2.1,1139,109.55%,129.89%,0.053682,0.121867,2026-06-08
BE,253.57,2026-06-12,4,Call,280.00,-10.42%,4.75,5.1,856,109.55%,129.68%,0.085191,0.254741,2026-06-08
MRVL,288.85,2026-06-12,4,Call,310.00,-7.32%,7.55,8.05,6559,106.04%,129.64%,0.109009,0.326329,2026-06-08
MRVL,288.85,2026-06-12,4,Put,250.00,-13.45%,2.54,2.76,2797,106.04%,129.39%,0.063216,-0.127799,2026-06-08
CRDO,222.27,2026-06-12,4,Call,260.00,-16.97%,1.8,2.2,1061,107.06%,129.38%,0.051415,0.138511,2026-06-08
BE,253.57,2026-06-26,18,Put,180.00,-29.01%,3.2,3.65,1726,109.55%,129.34%,0.091244,-0.08973,2026-06-08
BE,253.57,2026-06-12,4,Call,270.00,-6.48%,7.05,7.8,915,109.55%,129.23%,0.098003,0.346948,2026-06-08
MRVL,288.85,2026-06-12,4,Call,305.00,-5.59%,9,9.5,4998,106.04%,129.23%,0.114169,0.370047,2026-06-08
NBIS,218,2026-06-18,10,Put,200.00,-8.26%,9.9,10.4,602,114.21%,129.22%,0.12614,-0.303665,2026-06-08
MRVL,288.85,2026-06-12,4,Call,307.50,-6.46%,8.15,8.75,1023,106.04%,128.99%,0.11166,0.347142,2026-06-08
MU,949.28,2026-06-12,4,Put,785.00,-17.31%,4.05,4.25,858,101.26%,128.80%,0.132716,-0.069507,2026-06-08
NN,21.02,2026-07-17,39,Call,30.00,-42.72%,0.75,1.6,2196,120.25%,128.79%,0.022545,0.265927,2026-06-08
MU,949.28,2026-06-12,4,Put,790.00,-16.78%,4.4,4.8,1780,101.26%,128.68%,0.141899,-0.075853,2026-06-08
PURR,8.92,2026-12-18,193,Call,23.00,-157.85%,0.9,1.2,9258,122.34%,128.68%,0.022567,0.300454,2026-06-08
AMPG,6.57,2027-01-15,221,Call,10.00,-52.21%,1.7,1.8,606,147.71%,128.63%,0.020285,0.541245,2026-06-08
CRDO,222.27,2026-06-12,4,Call,250.00,-12.48%,3,3.7,978,107.06%,128.47%,0.067184,0.210669,2026-06-08
MRVL,288.85,2026-06-12,4,Call,297.50,-2.99%,11.45,12.15,2110,106.04%,128.36%,0.119285,0.440557,2026-06-08
NUAI,4.91,2028-01-21,592,Call,15.00,-205.50%,1.15,2.4,514,157.60%,128.31%,0.024557,0.567986,2026-06-08
LUNR,29.74,2026-07-17,39,Call,40.00,-34.50%,2.01,2.08,628,127.09%,128.30%,0.034421,0.312748,2026-06-08
SATS,116.62,2026-06-12,4,Call,120.00,-2.90%,4.4,5.2,1546,93.80%,128.19%,0.048207,0.443189,2026-06-08
BE,253.57,2026-06-12,4,Call,290.00,-14.37%,2.78,3.3,684,109.55%,128.16%,0.068678,0.176015,2026-06-08
MRVL,288.85,2026-06-12,4,Call,302.50,-4.73%,9.6,10.3,3132,106.04%,128.13%,0.116171,0.391905,2026-06-08
RKLB,113.65,2026-06-12,4,Put,100.00,-12.01%,1.22,1.35,1337,103.79%,127.92%,0.028062,-0.152621,2026-06-08
MU,949.28,2026-06-12,4,Put,795.00,-16.25%,4.7,5.25,1245,101.26%,127.82%,0.149809,-0.081481,2026-06-08
MRVL,288.85,2026-06-12,4,Put,295.00,+2.13%,18.45,19.1,1182,106.04%,127.78%,0.120153,-0.535205,2026-06-08
NVTS,24.48,2026-09-18,102,Call,26.00,-6.21%,5.7,6.35,2374,133.30%,127.69%,0.049863,0.603904,2026-06-08
MRVL,288.85,2026-06-12,4,Put,297.50,+2.99%,19.8,20.7,2323,106.04%,127.58%,0.119239,-0.56039,2026-06-08
MRVL,288.85,2026-06-12,4,Put,255.00,-11.72%,3.25,3.55,876,106.04%,127.56%,0.072955,-0.157952,2026-06-08
MRVL,288.85,2026-06-12,4,Call,300.00,-3.86%,10.5,11,25184,106.04%,127.43%,0.117886,0.415132,2026-06-08
RKLB,113.65,2026-06-12,4,Put,115.00,+1.19%,6.4,7.1,733,103.79%,127.31%,0.047451,-0.507825,2026-06-08
MRVL,288.85,2026-06-12,4,Call,292.50,-1.26%,13.3,14.15,2935,106.04%,127.22%,0.120589,0.490105,2026-06-08
BE,253.57,2026-07-17,39,Put,145.00,-42.82%,2.91,3.45,712,109.55%,127.14%,0.097731,-0.059214,2026-06-08
MRVL,288.85,2026-06-12,4,Put,300.00,+3.86%,21.3,22.2,2434,106.04%,127.06%,0.117841,-0.585531,2026-06-08
SNDK,1642,2026-06-12,4,Put,"1,450.00",-11.69%,18.3,20.1,594,103.89%,127.06%,0.414194,-0.157645,2026-06-08
MRVL,288.85,2026-06-12,4,Put,287.50,-0.47%,14,15.1,520,106.04%,126.95%,0.119973,-0.458546,2026-06-08
MRVL,288.85,2026-06-12,4,Call,295.00,-2.13%,12.35,12.9,4678,106.04%,126.90%,0.120146,0.464429,2026-06-08
MRVL,288.85,2026-06-12,4,Put,290.00,+0.40%,15.55,16.15,1908,106.04%,126.86%,0.120533,-0.484508,2026-06-08
MRVL,288.85,2026-06-12,4,Put,292.50,+1.26%,16.85,17.6,724,106.04%,126.86%,0.120584,-0.510306,2026-06-08
MRVL,288.85,2026-06-12,4,Call,290.00,-0.40%,14.45,15.15,9112,106.04%,126.81%,0.120532,0.515696,2026-06-08
FLNC,24.07,2026-07-17,39,Call,30.00,-24.64%,2,2.2,624,129.99%,126.75%,0.029869,0.376426,2026-06-08
MRVL,288.85,2026-06-12,4,Call,287.50,+0.47%,15.45,16.5,1890,106.04%,126.70%,0.119968,0.541637,2026-06-08
MRVL,288.85,2026-06-12,4,Call,270.00,+6.53%,25.4,26.85,798,106.04%,126.57%,0.102037,0.718558,2026-06-08
MU,949.28,2026-06-12,4,Put,800.00,-15.73%,5.1,5.5,7671,101.26%,126.47%,0.156963,-0.086706,2026-06-08
CRDO,222.27,2026-06-12,4,Put,225.00,+1.23%,12.4,13.9,534,107.06%,126.22%,0.092794,-0.509557,2026-06-08
INFQ,14.81,2026-10-16,130,Call,20.00,-35.04%,2.7,3.2,600,119.89%,126.20%,0.035258,0.498003,2026-06-08
MRVL,288.85,2026-06-12,4,Put,280.00,-3.06%,10.55,11.3,3359,106.04%,126.20%,0.115175,-0.380513,2026-06-08
MRVL,288.85,2026-06-12,4,Call,280.00,+3.06%,19.3,20.45,4330,106.04%,126.17%,0.115158,0.619667,2026-06-08
MRVL,288.85,2026-06-12,4,Put,285.00,-1.33%,12.7,13.7,1346,106.04%,126.07%,0.118892,-0.43246,2026-06-08
MU,949.28,2026-06-12,4,Put,805.00,-15.20%,5.5,6.05,647,101.26%,125.89%,0.165987,-0.093481,2026-06-08
MRVL,288.85,2026-06-12,4,Put,282.50,-2.20%,11.6,12.4,531,106.04%,125.88%,0.117283,-0.406298,2026-06-08
MRVL,288.85,2026-06-12,4,Put,260.00,-9.99%,4.15,4.5,2166,106.04%,125.88%,0.082827,-0.192925,2026-06-08
MRVL,288.85,2026-06-12,4,Call,285.00,+1.33%,16.55,17.7,1479,106.04%,125.82%,0.118881,0.567764,2026-06-08
MRVL,288.85,2026-06-18,10,Call,350.00,-21.17%,6.15,6.65,2817,106.04%,125.70%,0.136906,0.207721,2026-06-08
NBIS,218,2026-06-18,10,Call,230.00,-5.50%,12.8,13.7,1062,114.21%,125.70%,0.142361,0.440859,2026-06-08
RKLB,113.65,2026-06-12,4,Put,114.00,+0.31%,5.9,6.35,901,103.79%,125.68%,0.047413,-0.482114,2026-06-08
CBRS,237.83,2026-07-17,39,Call,300.00,-26.14%,18,21.2,7342,117.20%,125.60%,0.291628,0.362887,2026-06-08
NBIS,218,2026-06-18,10,Put,217.50,-0.23%,17.15,18.2,775,114.21%,125.60%,0.14293,-0.452704,2026-06-08
ARM,346.39,2026-06-12,4,Call,410.00,-18.36%,2.02,2.68,1216,94.90%,125.54%,0.069224,0.112341,2026-06-08
IRDM,47.47,2026-06-18,10,Put,50.00,+5.33%,4.8,6,1632,89.10%,125.53%,0.031018,-0.556802,2026-06-08
NBIS,218,2026-06-18,10,Call,232.50,-6.65%,11.8,12.9,671,114.21%,125.53%,0.141059,0.42023,2026-06-08
SATS,116.62,2026-06-18,10,Call,140.00,-20.05%,2.45,3.1,1690,93.80%,125.40%,0.057171,0.220111,2026-06-08
NBIS,218,2026-06-18,10,Call,235.00,-7.80%,11,12,526,114.21%,125.38%,0.1394,0.4,2026-06-08
MRVL,288.85,2026-06-12,4,Put,270.00,-6.53%,6.85,7.25,3085,106.04%,125.36%,0.101804,-0.280105,2026-06-08
NBIS,218,2026-06-18,10,Call,240.00,-10.09%,9.8,10.15,613,114.21%,125.35%,0.135159,0.361315,2026-06-08
IREN,59.19,2026-06-12,4,Put,55.00,-7.08%,1.33,1.35,2255,108.93%,125.33%,0.020296,-0.265028,2026-06-08
NBIS,218,2026-06-18,10,Call,260.00,-19.27%,5.3,5.6,563,114.21%,125.20%,0.109317,0.229071,2026-06-08
MRVL,288.85,2026-06-12,4,Put,265.00,-8.26%,5.35,5.7,1089,106.04%,125.13%,0.092677,-0.233891,2026-06-08
RKLB,113.65,2026-06-12,4,Put,110.00,-3.21%,4,4.35,776,103.79%,125.07%,0.04513,-0.375469,2026-06-08
MU,949.28,2026-06-26,18,Call,"1,620.00",-70.66%,3.25,3.9,1960,101.26%,124.89%,0.171903,0.037373,2026-06-08
RKLB,113.65,2026-06-12,4,Call,115.00,-1.19%,5.25,5.4,1580,103.79%,124.83%,0.04745,0.491225,2026-06-08
NBIS,218,2026-06-18,10,Put,220.00,+0.92%,18.5,19.35,843,114.21%,124.80%,0.143655,-0.474943,2026-06-08
MU,949.28,2026-06-12,4,Put,810.00,-14.67%,6,6.35,876,101.26%,124.69%,0.173943,-0.099633,2026-06-08
ASTS,92.06,2026-07-17,39,Call,150.00,-62.94%,2.62,2.8,1153,115.50%,124.68%,0.07395,0.162455,2026-06-08
IREN,59.19,2026-06-12,4,Put,56.00,-5.39%,1.63,1.69,1798,108.93%,124.68%,0.021896,-0.311207,2026-06-08
NBIS,218,2026-06-18,10,Call,250.00,-14.68%,7.1,7.6,1447,114.21%,124.68%,0.123347,0.289176,2026-06-08
BE,253.57,2026-06-18,10,Put,230.00,-9.30%,9.65,10.7,516,109.55%,124.63%,0.141487,-0.280849,2026-06-08
MRVL,288.85,2026-06-12,4,Put,275.00,-4.79%,8.45,9,1947,106.04%,124.60%,0.109278,-0.328325,2026-06-08
LUNR,29.74,2026-09-18,102,Put,30.00,+0.87%,7.45,7.9,815,127.09%,124.57%,0.059422,-0.371984,2026-06-08
LITE,895.4,2026-06-12,4,Put,750.00,-16.24%,3.7,4.8,669,98.83%,124.53%,0.13504,-0.076744,2026-06-08
ALAB,346.33,2026-06-12,4,Call,360.00,-3.95%,11.2,13.5,688,109.22%,124.37%,0.140881,0.409347,2026-06-08
PL,32.74,2026-06-18,10,Call,35.00,-6.90%,1.7,1.9,694,110.23%,124.26%,0.021116,0.414129,2026-06-08
RKLB,113.65,2026-06-12,4,Call,135.00,-18.79%,0.65,0.75,2720,103.79%,124.20%,0.021566,0.104538,2026-06-08
CRWV,102.37,2026-06-12,4,Put,88.00,-14.04%,0.7,0.78,683,88.93%,124.17%,0.020028,-0.109061,2026-06-08
IREN,59.19,2026-06-12,4,Call,55.00,+7.08%,5.4,5.65,1024,108.93%,124.04%,0.020225,0.736795,2026-06-08
MRVL,288.85,2026-06-18,10,Call,340.00,-17.71%,7.55,8.15,2039,106.04%,124.03%,0.150647,0.246067,2026-06-08
MRVL,288.85,2026-06-18,10,Put,215.00,-25.57%,1.58,1.82,661,106.04%,124.03%,0.0578,-0.061135,2026-06-08
POET,12.28,2026-10-16,130,Call,13.00,-5.86%,3.2,3.5,520,129.52%,123.84%,0.027863,0.62178,2026-06-08
EOSE,6.69,2027-01-15,221,Call,10.00,-49.48%,1.68,1.75,746,120.41%,123.76%,0.020687,0.535011,2026-06-08
ALAB,346.33,2026-06-12,4,Call,375.00,-8.28%,6.9,8.55,1098,109.22%,123.74%,0.12459,0.292457,2026-06-08
MU,949.28,2026-06-18,10,Put,700.00,-26.26%,4.85,5.05,1337,101.26%,123.65%,0.175637,-0.05533,2026-06-08
MU,949.28,2026-06-12,4,Put,820.00,-13.62%,7,7.6,1072,101.26%,123.57%,0.19314,-0.115204,2026-06-08
RKLB,113.65,2026-06-12,4,Call,134.00,-17.91%,0.68,0.86,519,103.79%,123.44%,0.02291,0.113713,2026-06-08
CRDO,222.27,2026-06-12,4,Call,240.00,-7.98%,4.5,5.7,581,107.06%,123.41%,0.080811,0.299276,2026-06-08
MRVL,288.85,2026-06-18,10,Put,220.00,-23.84%,2.05,2.25,879,106.04%,123.32%,0.067599,-0.074877,2026-06-08
IREN,59.19,2026-06-12,4,Put,57.00,-3.70%,1.98,2.04,1343,108.93%,123.19%,0.023172,-0.359612,2026-06-08
MRVL,288.85,2026-06-18,10,Call,330.00,-14.25%,9.35,10.15,1018,106.04%,123.05%,0.164187,0.292035,2026-06-08
ADBE,244.99,2026-06-12,4,Call,300.00,-22.45%,0.8,0.94,653,56.96%,123.02%,0.03295,0.066107,2026-06-08
IONQ,62.8,2026-06-12,4,Call,63.00,-0.32%,2.97,3.3,2029,104.31%,122.76%,0.026202,0.51699,2026-06-08
IONQ,62.8,2026-06-12,4,Call,62.00,+1.27%,3.45,3.8,1547,104.31%,122.75%,0.025862,0.566368,2026-06-08
RKLB,113.65,2026-06-12,4,Call,120.00,-5.59%,3.2,3.5,2485,103.79%,122.72%,0.044548,0.360936,2026-06-08
IONQ,62.8,2026-06-12,4,Put,58.00,-7.64%,1.22,1.3,1395,104.31%,122.70%,0.020727,-0.246332,2026-06-08
RKLB,113.65,2026-06-12,4,Call,130.00,-14.39%,1.1,1.29,2047,103.79%,122.69%,0.029385,0.163721,2026-06-08
CRDO,222.27,2026-06-12,4,Call,230.00,-3.48%,7.6,8.7,720,107.06%,122.64%,0.091002,0.421116,2026-06-08
MU,949.28,2026-06-12,4,Put,825.00,-13.09%,7.5,8.2,1394,101.26%,122.64%,0.202297,-0.123016,2026-06-08
RKLB,113.65,2026-06-12,4,Call,125.00,-9.99%,1.94,2.15,2246,103.79%,122.64%,0.037812,0.250075,2026-06-08
INOD,102.79,2026-06-12,4,Call,115.00,-11.88%,0.95,2,601,104.59%,122.63%,0.030993,0.209782,2026-06-08
IREN,59.19,2026-06-12,4,Put,58.00,-2.01%,2.39,2.47,1289,108.93%,122.56%,0.0241,-0.410965,2026-06-08
SNDK,1642,2026-06-12,4,Put,"1,500.00",-8.65%,27.7,29,946,103.89%,122.56%,0.509032,-0.220058,2026-06-08
IONQ,62.8,2026-06-12,4,Call,60.00,+4.46%,4.55,4.95,3442,104.31%,122.51%,0.023983,0.663826,2026-06-08
ARM,346.39,2026-06-12,4,Call,400.00,-15.48%,2.9,3.4,779,94.90%,122.50%,0.082927,0.145722,2026-06-08
BE,253.57,2026-06-18,10,Put,245.00,-3.38%,15.2,16.85,551,109.55%,122.47%,0.161215,-0.391639,2026-06-08
BKKT,8.11,2027-01-15,221,Call,10.00,-23.30%,2.1,2.9,500,111.24%,122.43%,0.024204,0.61043,2026-06-08
POET,12.28,2027-01-15,221,Call,40.00,-225.73%,1,1.1,5031,129.52%,122.40%,0.028996,0.229744,2026-06-08
ARM,346.39,2026-06-18,10,Call,500.00,-44.35%,1,1.34,1435,94.90%,122.23%,0.053195,0.043813,2026-06-08
RKLB,113.65,2026-06-12,4,Call,114.00,-0.31%,5.4,5.9,660,103.79%,122.15%,0.047418,0.517146,2026-06-08
CRWV,102.37,2026-06-12,4,Put,89.00,-13.06%,0.79,0.89,632,88.93%,122.12%,0.021775,-0.122691,2026-06-08
MRVL,288.85,2026-06-18,10,Call,325.00,-12.52%,10.35,11.15,640,106.04%,121.94%,0.17009,0.316119,2026-06-08
RKLB,113.65,2026-06-12,4,Call,128.00,-12.63%,1.31,1.62,825,103.79%,121.93%,0.032657,0.193587,2026-06-08
SATS,116.62,2026-06-18,10,Call,130.00,-11.47%,4.3,5,1756,93.80%,121.93%,0.070131,0.332712,2026-06-08
IONQ,62.8,2026-06-12,4,Put,62.00,-1.27%,2.66,2.9,669,104.31%,121.91%,0.025863,-0.433741,2026-06-08
IREN,59.19,2026-06-12,4,Call,58.00,+2.01%,3.55,3.7,2532,108.93%,121.86%,0.024094,0.58945,2026-06-08
IREN,59.19,2026-06-12,4,Put,59.00,-0.32%,2.84,2.96,676,108.93%,121.84%,0.024615,-0.463537,2026-06-08
RKLB,113.65,2026-06-12,4,Call,126.00,-10.87%,1.66,1.96,569,103.79%,121.73%,0.036021,0.228809,2026-06-08
IONQ,62.8,2026-06-12,4,Call,67.00,-6.69%,1.54,1.7,1793,104.31%,121.71%,0.023792,0.329481,2026-06-08
SATS,116.62,2026-06-18,10,Call,125.00,-7.19%,5.7,6.5,745,93.80%,121.57%,0.07483,0.405408,2026-06-08
MU,949.28,2026-06-12,4,Put,830.00,-12.57%,8.15,8.65,1087,101.26%,121.54%,0.211298,-0.130957,2026-06-08
IONQ,62.8,2026-06-12,4,Call,68.00,-8.28%,1.29,1.41,1312,104.31%,121.50%,0.022435,0.288146,2026-06-08
IREN,59.19,2026-06-12,4,Call,56.00,+5.39%,4.65,4.95,1117,108.93%,121.40%,0.021785,0.692398,2026-06-08
IONQ,62.8,2026-06-12,4,Put,63.00,+0.32%,3.2,3.35,585,104.31%,121.36%,0.026204,-0.483639,2026-06-08
IREN,59.19,2026-06-12,4,Call,59.00,+0.32%,3,3.2,2352,108.93%,121.35%,0.024614,0.536635,2026-06-08
IONQ,62.8,2026-06-12,4,Call,66.00,-5.10%,1.86,1.97,919,104.31%,121.31%,0.024879,0.372664,2026-06-08
IONQ,62.8,2026-06-12,4,Put,61.00,-2.87%,2.2,2.41,926,104.31%,121.27%,0.025107,-0.383906,2026-06-08
WOLF,55.42,2026-12-18,193,Call,50.00,+9.78%,20.35,21.95,504,134.41%,121.22%,0.13586,0.719116,2026-06-08
IREN,59.19,2026-06-12,4,Put,60.00,+1.37%,3.35,3.5,566,108.93%,121.21%,0.024697,-0.516439,2026-06-08
IREN,59.19,2026-06-12,4,Call,57.00,+3.70%,4.05,4.3,1780,108.93%,121.18%,0.023136,0.642002,2026-06-08
IONQ,62.8,2026-06-12,4,Call,64.00,-1.91%,2.54,2.76,1498,104.31%,121.09%,0.026136,0.466992,2026-06-08
ARM,346.39,2026-06-12,4,Put,300.00,-13.39%,2.32,2.85,704,94.90%,120.87%,0.070203,-0.114575,2026-06-08
MRVL,288.85,2026-06-18,10,Call,320.00,-10.78%,11.5,12.2,2603,106.04%,120.80%,0.175534,0.341834,2026-06-08
MU,949.28,2026-06-26,18,Call,"1,500.00",-58.01%,5.5,6.15,1095,101.26%,120.79%,0.247168,0.058791,2026-06-08
IONQ,62.8,2026-06-12,4,Put,60.00,-4.46%,1.8,1.97,921,104.31%,120.75%,0.023943,-0.33477,2026-06-08
IREN,59.19,2026-06-12,4,Call,60.00,-1.37%,2.58,2.67,10705,108.93%,120.72%,0.024697,0.483551,2026-06-08
IONQ,62.8,2026-06-12,4,Call,65.00,-3.50%,2.14,2.35,2382,104.31%,120.62%,0.025673,0.418225,2026-06-08
ASTS,92.06,2026-07-17,39,Call,130.00,-41.21%,4.45,4.65,528,115.50%,120.59%,0.096018,0.25195,2026-06-08
PURR,8.92,2026-12-18,193,Put,9.00,+0.90%,2.85,3.1,703,122.34%,120.49%,0.02344,-0.329201,2026-06-08
IREN,59.19,2026-06-18,10,Put,50.00,-15.53%,1.13,1.24,538,108.93%,120.38%,0.024867,-0.170801,2026-06-08
FRVO,33.96,2026-07-17,39,Call,50.00,-47.23%,1.2,1.6,636,120.73%,120.32%,0.032748,0.218603,2026-06-08
RKLB,113.65,2026-06-18,10,Call,150.00,-31.98%,0.93,1.01,1715,103.79%,120.19%,0.032634,0.098422,2026-06-08
CRWV,102.37,2026-06-12,4,Put,90.00,-12.08%,0.9,1.01,1571,88.93%,120.18%,0.023617,-0.137969,2026-06-08
MU,949.28,2026-06-12,4,Put,840.00,-11.51%,9.4,10.2,1210,101.26%,120.18%,0.231337,-0.149642,2026-06-08
BE,253.57,2026-06-18,10,Put,250.00,-1.41%,17.55,18.65,592,109.55%,120.17%,0.16489,-0.430613,2026-06-08
IREN,59.19,2026-06-12,4,Call,62.00,-4.75%,1.82,1.87,3654,108.93%,120.12%,0.02361,0.380996,2026-06-08
ARM,346.39,2026-06-12,4,Call,370.00,-6.82%,7.7,9.5,1009,94.90%,120.10%,0.130225,0.323296,2026-06-08
MRVL,288.85,2026-06-18,10,Put,225.00,-22.10%,2.37,2.62,565,106.04%,120.10%,0.075588,-0.086814,2026-06-08
RKLB,113.65,2026-06-12,4,Call,117.00,-2.95%,4,4.55,574,103.79%,120.06%,0.046819,0.434408,2026-06-08
MRVL,288.85,2026-07-17,39,Call,480.00,-66.18%,6.6,6.95,3977,106.04%,120.05%,0.208362,0.13825,2026-06-08
IREN,59.19,2026-06-12,4,Call,61.00,-3.06%,2.15,2.25,2220,108.93%,120.01%,0.024348,0.431001,2026-06-08
MU,949.28,2026-06-12,4,Call,"1,245.00",-31.15%,0.4,1.11,594,101.26%,119.97%,0.044347,0.018166,2026-06-08
BE,253.57,2026-06-18,10,Put,255.00,+0.56%,19.95,21.45,761,109.55%,119.90%,0.166956,-0.470167,2026-06-08
CBRS,237.83,2026-06-18,10,Put,200.00,-15.91%,4.2,4.8,699,117.20%,119.76%,0.097384,-0.164126,2026-06-08
CRDO,222.27,2026-06-12,4,Call,225.00,-1.23%,8.9,10.9,593,107.06%,119.71%,0.092776,0.487398,2026-06-08
IREN,59.19,2026-06-12,4,Call,64.00,-8.13%,1.22,1.29,1553,108.93%,119.62%,0.021152,0.288339,2026-06-08
PURR,8.92,2026-12-18,193,Call,18.00,-101.79%,1.15,1.4,735,122.34%,119.56%,0.024339,0.36321,2026-06-08
IREN,59.19,2026-06-12,4,Call,63.00,-6.44%,1.47,1.57,2915,108.93%,119.51%,0.022507,0.332519,2026-06-08
BE,253.57,2026-09-18,102,Put,145.00,-42.82%,11.65,11.85,2711,109.55%,119.48%,0.25561,-0.112177,2026-06-08
MU,949.28,2026-06-12,4,Put,845.00,-10.99%,10.25,10.85,733,101.26%,119.41%,0.241341,-0.159543,2026-06-08
ASTS,92.06,2026-07-17,39,Call,125.00,-35.78%,5.05,5.35,1803,115.50%,119.37%,0.101536,0.281381,2026-06-08
RKLB,113.65,2026-06-18,10,Put,100.00,-12.01%,3.05,3.45,1253,103.79%,119.36%,0.056607,-0.226342,2026-06-08
MRVL,288.85,2026-06-18,10,Call,315.00,-9.05%,12.25,13.75,571,106.04%,119.28%,0.180295,0.368662,2026-06-08
POET,12.28,2027-01-15,221,Put,10.00,-18.57%,2.71,2.92,1024,129.52%,119.22%,0.029753,-0.241147,2026-06-08
SATS,116.62,2026-06-18,10,Call,120.00,-2.90%,7.3,8.2,1340,93.80%,119.17%,0.076939,0.483567,2026-06-08
BE,253.57,2026-06-18,10,Call,260.00,-2.54%,16.5,17.95,24907,109.55%,119.16%,0.167387,0.490694,2026-06-08
MU,949.28,2026-06-18,10,Put,730.00,-23.10%,6.55,7.2,758,101.26%,119.09%,0.22366,-0.075541,2026-06-08
ASTS,92.06,2026-07-02,24,Call,110.00,-19.49%,5,5.7,572,115.50%,119.03%,0.086113,0.336148,2026-06-08
SNDK,1642,2026-06-12,4,Put,"1,600.00",-2.56%,59.1,62.9,913,103.89%,119.02%,0.660636,-0.392432,2026-06-08
MU,949.28,2026-06-12,4,Put,850.00,-10.46%,11.2,11.65,5698,101.26%,118.95%,0.251914,-0.170465,2026-06-08
SATS,116.62,2026-06-18,10,Put,120.00,+2.90%,10.5,11.5,2037,93.80%,118.91%,0.076927,-0.517128,2026-06-08
MRVL,288.85,2026-06-18,10,Call,310.00,-7.32%,14,14.95,2428,106.04%,118.85%,0.184577,0.398979,2026-06-08
POET,12.28,2027-01-15,221,Call,11.00,+10.42%,4.7,5.1,892,129.52%,118.67%,0.03173,0.727663,2026-06-08
MRVL,288.85,2026-06-18,10,Call,300.00,-3.86%,17.5,18.45,8270,106.04%,118.56%,0.189953,0.464145,2026-06-08
MU,949.28,2026-06-12,4,Put,855.00,-9.93%,11.9,12.8,857,101.26%,118.46%,0.262415,-0.181827,2026-06-08
ASTS,92.06,2026-07-17,39,Call,120.00,-30.35%,5.9,6.05,2677,115.50%,118.25%,0.106867,0.314803,2026-06-08
MU,949.28,2026-06-12,4,Put,860.00,-9.41%,13,13.8,1557,101.26%,118.22%,0.273208,-0.194093,2026-06-08
PENG,64.63,2027-01-15,221,Put,25.00,-61.32%,2.5,2.6,2251,137.78%,118.03%,0.063653,-0.064853,2026-06-08
BE,253.57,2026-06-18,10,Call,280.00,-10.42%,9.7,10.75,1189,109.55%,118.02%,0.154257,0.342779,2026-06-08
SATS,116.62,2026-06-18,10,Call,115.00,+1.39%,9.4,10.4,2428,93.80%,118.02%,0.075842,0.569218,2026-06-08
BE,253.57,2026-07-17,39,Put,180.00,-29.01%,7.9,8.5,1525,109.55%,118.00%,0.182453,-0.137739,2026-06-08
MARA,13.78,2028-01-21,592,Put,5.00,-63.72%,0.91,2,4592,86.86%,117.97%,0.024185,-0.072532,2026-06-08
BE,253.57,2026-06-18,10,Call,320.00,-26.20%,2.88,3.5,676,109.55%,117.90%,0.09247,0.137914,2026-06-08
MRVL,288.85,2026-06-18,10,Put,300.00,+3.86%,27.7,29.75,910,106.04%,117.86%,0.189888,-0.537007,2026-06-08
ASTS,92.06,2026-09-18,102,Call,170.00,-84.66%,6.4,6.9,657,115.50%,117.80%,0.156438,0.255534,2026-06-08
MRVL,288.85,2026-06-18,10,Call,290.00,-0.40%,21.5,22.55,2054,106.04%,117.75%,0.190083,0.532682,2026-06-08
MU,949.28,2026-06-12,4,Put,865.00,-8.88%,14.05,14.85,577,101.26%,117.74%,0.283517,-0.206433,2026-06-08
ARM,346.39,2026-06-12,4,Call,350.00,-1.04%,14.4,16.45,749,94.90%,117.73%,0.144629,0.492304,2026-06-08
CBRS,237.83,2026-07-17,39,Call,260.00,-9.32%,26.6,29.8,4005,117.20%,117.59%,0.309994,0.48828,2026-06-08
PURR,8.92,2026-12-18,193,Call,10.00,-12.11%,2.55,2.8,775,122.34%,117.58%,0.024606,0.624463,2026-06-08
MRVL,288.85,2026-06-18,10,Call,295.00,-2.13%,19.2,20.4,632,106.04%,117.55%,0.19072,0.497587,2026-06-08
MU,949.28,2026-06-12,4,Call,"1,230.00",-29.57%,0.72,0.99,766,101.26%,117.55%,0.049466,0.020659,2026-06-08
MRVL,288.85,2026-06-18,10,Call,305.00,-5.59%,15.3,16.55,504,106.04%,117.52%,0.187743,0.429555,2026-06-08
MU,949.28,2026-06-18,10,Put,740.00,-22.05%,7.3,7.95,520,101.26%,117.48%,0.240995,-0.083373,2026-06-08
CRDO,222.27,2026-06-12,4,Call,220.00,+1.02%,10.9,13.2,586,107.06%,117.38%,0.091808,0.558919,2026-06-08
MRVL,288.85,2026-07-17,39,Call,450.00,-55.79%,8.3,8.8,762,106.04%,117.38%,0.239038,0.170127,2026-06-08
ARM,346.39,2026-06-12,4,Call,375.00,-8.26%,6.35,7.55,855,94.90%,117.32%,0.12215,0.280418,2026-06-08
BE,253.57,2026-06-18,10,Call,300.00,-18.31%,5.5,6,629,109.55%,117.26%,0.125031,0.222353,2026-06-08
CRML,10.11,2027-01-15,221,Put,12.50,+23.64%,4.9,5.3,3770,114.42%,117.23%,0.030444,-0.407582,2026-06-08
BE,253.57,2026-06-18,10,Call,270.00,-6.48%,12,14.3,781,109.55%,117.20%,0.163373,0.412329,2026-06-08
IREN,59.19,2026-06-18,10,Put,52.00,-12.15%,1.5,1.71,587,108.93%,117.16%,0.029071,-0.220823,2026-06-08
MRVL,288.85,2026-06-18,10,Call,260.00,+9.99%,37.5,40.15,561,106.04%,117.16%,0.154944,0.740406,2026-06-08
CRWV,102.37,2026-06-12,4,Put,92.00,-10.13%,1.2,1.3,508,88.93%,117.08%,0.027595,-0.174708,2026-06-08
RKLB,113.65,2026-06-18,10,Call,140.00,-23.19%,1.62,1.92,695,103.79%,117.08%,0.046697,0.165003,2026-06-08
ASTS,92.06,2026-09-18,102,Call,150.00,-62.94%,8.65,9.1,555,115.50%,117.04%,0.174396,0.321623,2026-06-08
ARM,346.39,2026-06-12,4,Put,340.00,-1.84%,12.75,14.65,2074,94.90%,117.00%,0.141319,-0.414497,2026-06-08
MU,949.28,2026-06-12,4,Call,"1,250.00",-31.68%,0.53,0.62,1025,101.26%,116.98%,0.036649,0.014541,2026-06-08
MRVL,288.85,2026-06-18,10,Put,310.00,+7.32%,33.7,36.3,508,106.04%,116.93%,0.184135,-0.604435,2026-06-08
MU,949.28,2026-06-12,4,Put,870.00,-8.35%,14.95,15.95,1100,101.26%,116.88%,0.293173,-0.218616,2026-06-08
SNDK,1642,2026-06-12,4,Put,"1,655.00",+0.79%,84.4,89.1,503,103.89%,116.86%,0.685703,-0.500283,2026-06-08
ASTS,92.06,2026-09-18,102,Call,125.00,-35.78%,12.9,13.4,2076,115.50%,116.79%,0.191348,0.432434,2026-06-08
ADBE,244.99,2026-06-12,4,Call,275.00,-12.25%,2.69,3.2,573,56.96%,116.78%,0.069408,0.189166,2026-06-08
CRVS,11.15,2028-01-21,592,Call,15.00,-34.53%,5.3,5.6,1339,78.80%,116.76%,0.047709,0.721087,2026-06-08
MU,949.28,2026-06-12,4,Put,875.00,-7.82%,16.3,17.15,955,101.26%,116.73%,0.303536,-0.232453,2026-06-08
ARM,346.39,2026-06-12,4,Put,350.00,+1.04%,17.5,20,2158,94.90%,116.65%,0.14462,-0.508485,2026-06-08
HYMC,26.33,2026-08-21,74,Call,60.00,-127.88%,0.3,0.75,501,102.35%,116.63%,0.020543,0.098265,2026-06-08
IREN,59.19,2026-09-18,102,Call,90.00,-52.05%,6.3,6.95,656,108.93%,116.59%,0.117192,0.361228,2026-06-08
ADBE,244.99,2026-06-12,4,Call,265.00,-8.17%,4.7,5.1,1004,56.96%,116.52%,0.086497,0.281117,2026-06-08
MRVL,288.85,2026-06-26,18,Call,350.00,-21.17%,10.75,11.25,4209,106.04%,116.50%,0.212932,0.272175,2026-06-08
MU,949.28,2026-06-18,10,Call,"1,500.00",-58.01%,0.67,0.68,557,101.26%,116.21%,0.046947,0.011399,2026-06-08
MU,949.28,2026-06-12,4,Put,880.00,-7.30%,17.6,18.3,1338,101.26%,116.19%,0.313152,-0.24611,2026-06-08
IONQ,62.8,2026-06-18,10,Call,80.00,-27.39%,0.57,0.79,1173,104.31%,116.09%,0.021195,0.123303,2026-06-08
ARM,346.39,2026-06-12,4,Put,345.00,-0.40%,14.6,17.4,838,94.90%,116.08%,0.143982,-0.461551,2026-06-08
SNDK,1642,2026-06-12,4,Call,"1,700.00",-3.53%,53.9,57,2087,103.89%,116.04%,0.669057,0.412233,2026-06-08
ALAB,346.33,2026-06-18,10,Call,350.00,-1.06%,23.9,26.05,580,109.22%,115.96%,0.228438,0.518429,2026-06-08
RKLB,113.65,2026-06-18,10,Call,130.00,-14.39%,3.2,3.5,1248,103.79%,115.95%,0.062709,0.274486,2026-06-08
MU,949.28,2026-06-12,4,Call,"1,200.00",-26.41%,1.28,1.38,5325,101.26%,115.93%,0.069364,0.030932,2026-06-08
MU,949.28,2026-06-18,10,Put,750.00,-20.99%,8.15,8.75,1042,101.26%,115.88%,0.259167,-0.091904,2026-06-08
SNDK,1642,2026-06-12,4,Call,"1,640.00",+0.12%,77.6,83.7,894,103.89%,115.83%,0.683844,0.529479,2026-06-08
RKLB,113.65,2026-06-18,10,Call,135.00,-18.79%,2.27,2.54,1523,103.79%,115.76%,0.054599,0.21255,2026-06-08
ASTS,92.06,2026-07-17,39,Call,100.00,-8.62%,10.8,11,2481,115.50%,115.64%,0.120023,0.492261,2026-06-08
RKLB,113.65,2026-06-18,10,Put,105.00,-7.61%,4.6,4.75,980,103.79%,115.64%,0.065763,-0.30369,2026-06-08
MRVL,288.85,2026-06-18,10,Call,280.00,+3.06%,25.7,27.35,1483,106.04%,115.57%,0.18422,0.603874,2026-06-08
NBIS,218,2026-09-18,102,Call,400.00,-83.49%,14.4,15.95,556,114.21%,115.56%,0.366961,0.250977,2026-06-08
EVC,9.09,2026-11-20,165,Call,10.00,-10.01%,2.2,2.7,811,104.78%,115.55%,0.0233,0.603002,2026-06-08
MU,949.28,2026-06-12,4,Put,890.00,-6.24%,20.15,21.35,1281,101.26%,115.53%,0.331814,-0.275402,2026-06-08
IREN,59.19,2026-06-18,10,Put,55.00,-7.08%,2.47,2.63,1472,108.93%,115.52%,0.034762,-0.314161,2026-06-08
ASTS,92.06,2026-08-21,74,Call,100.00,-8.62%,15.95,16.5,692,115.50%,115.48%,0.164263,0.545907,2026-06-08
ADBE,244.99,2026-06-12,4,Put,200.00,-18.36%,0.45,0.57,560,56.96%,115.41%,0.022411,-0.040685,2026-06-08
MU,949.28,2026-06-12,4,Put,895.00,-5.72%,21.9,22.75,555,101.26%,115.38%,0.340641,-0.290891,2026-06-08
RKLB,113.65,2026-06-18,10,Call,118.00,-3.83%,6.6,7.1,632,103.79%,115.37%,0.074698,0.461747,2026-06-08
GLXY,30.51,2026-09-18,102,Call,47.50,-55.69%,2.28,4.05,565,103.30%,115.36%,0.059292,0.343008,2026-06-08
AMPX,18.83,2026-08-21,74,Call,30.00,-59.32%,1.1,1.4,1023,100.35%,115.35%,0.027864,0.266765,2026-06-08
CGON,54.4,2026-07-17,39,Call,65.00,-19.49%,4,5.3,1032,127.45%,115.27%,0.068331,0.392198,2026-06-08
RKLB,113.65,2026-06-18,10,Call,120.00,-5.59%,5.85,6.35,722,103.79%,115.24%,0.073777,0.42681,2026-06-08
SNDK,1642,2026-06-12,4,Call,"2,100.00",-27.89%,1.5,1.95,816,103.89%,115.23%,0.097429,0.024097,2026-06-08
ADBE,244.99,2026-06-12,4,Call,260.00,-6.13%,5.8,6.4,1160,56.96%,115.10%,0.093274,0.333574,2026-06-08
ASTS,92.06,2026-11-20,165,Call,190.00,-106.39%,9,9.95,780,115.50%,115.10%,0.214802,0.298769,2026-06-08
IREN,59.19,2026-09-18,102,Call,100.00,-68.95%,4.65,5.4,838,108.93%,115.09%,0.107831,0.294253,2026-06-08
VSH,57.22,2027-01-15,221,Call,50.00,+12.62%,21.8,23.4,2014,115.90%,115.08%,0.14608,0.729133,2026-06-08
IREN,59.19,2026-09-18,102,Call,75.00,-26.71%,9.2,9.75,622,108.93%,115.07%,0.124532,0.472826,2026-06-08
MRVL,288.85,2026-06-18,10,Put,290.00,+0.40%,22,22.8,852,106.04%,115.06%,0.19013,-0.468748,2026-06-08
MU,949.28,2026-06-26,18,Put,750.00,-20.99%,19.85,21,722,101.26%,115.06%,0.481445,-0.145434,2026-06-08
SNDK,1642,2026-06-12,4,Call,"1,650.00",-0.49%,72.8,78,793,103.89%,115.05%,0.685533,0.509237,2026-06-08
SNDK,1642,2026-06-12,4,Call,"1,800.00",-9.62%,25.2,28,1067,103.89%,114.90%,0.536551,0.241815,2026-06-08
IREN,59.19,2026-09-18,102,Call,80.00,-35.16%,8.1,8.5,1035,108.93%,114.89%,0.122913,0.430324,2026-06-08
IREN,59.19,2026-09-18,102,Call,70.00,-18.26%,10.55,11,539,108.93%,114.88%,0.124699,0.51767,2026-06-08
MRVL,288.85,2026-06-18,10,Put,240.00,-16.91%,4.05,4.6,767,106.04%,114.87%,0.107119,-0.141363,2026-06-08
MU,949.28,2026-06-12,4,Call,"1,150.00",-21.14%,2.89,3.05,3656,101.26%,114.84%,0.12259,0.062738,2026-06-08
MU,949.28,2026-06-12,4,Call,902.50,+4.93%,70.3,73.4,567,101.26%,114.83%,0.352649,0.685733,2026-06-08
ARM,346.39,2026-06-12,4,Call,360.00,-3.93%,10.2,11.85,2551,94.90%,114.77%,0.139941,0.398416,2026-06-08
SNDK,1642,2026-06-12,4,Call,"1,900.00",-15.71%,11,12.2,1510,103.89%,114.72%,0.35323,0.124682,2026-06-08
IREN,59.19,2026-10-16,130,Put,50.00,-15.53%,9.5,10.8,2639,108.93%,114.71%,0.11742,-0.273082,2026-06-08
CRDO,222.27,2026-06-12,4,Call,215.00,+3.27%,13.3,15.8,805,107.06%,114.70%,0.0876,0.633202,2026-06-08
MRVL,288.85,2026-07-17,39,Call,420.00,-45.40%,10.75,11.2,687,106.04%,114.67%,0.273259,0.211523,2026-06-08
MU,949.28,2026-06-12,4,Call,"1,160.00",-22.20%,2.3,2.69,545,101.26%,114.67%,0.109065,0.054062,2026-06-08
CRDO,222.27,2026-06-18,10,Call,250.00,-12.48%,6.8,7.9,1345,107.06%,114.65%,0.128242,0.301713,2026-06-08
MU,949.28,2026-06-12,4,Call,"1,155.00",-21.67%,2.6,2.82,701,101.26%,114.64%,0.115392,0.05807,2026-06-08
MU,949.28,2026-06-12,4,Call,900.00,+5.19%,72.5,74.25,8765,101.26%,114.58%,0.348487,0.694182,2026-06-08
MU,949.28,2026-06-12,4,Put,900.00,-5.19%,23.5,24,7467,101.26%,114.56%,0.348553,-0.305945,2026-06-08
MU,949.28,2026-06-12,4,Put,905.00,-4.66%,24.9,26.15,508,101.26%,114.52%,0.356422,-0.322301,2026-06-08
IREN,59.19,2026-06-18,10,Call,75.00,-26.71%,0.58,0.71,709,108.93%,114.51%,0.020198,0.125259,2026-06-08
RGTI,21.76,2026-07-17,39,Call,30.00,-37.87%,1.01,1.08,1469,109.71%,114.51%,0.022833,0.254747,2026-06-08
SNDK,1642,2026-06-12,4,Call,"1,750.00",-6.58%,36.8,40,667,103.89%,114.49%,0.614496,0.319767,2026-06-08
BE,253.57,2026-06-18,10,Call,315.00,-24.23%,2.87,3.9,526,109.55%,114.48%,0.097001,0.148029,2026-06-08
MU,949.28,2026-06-12,4,Call,"1,130.00",-19.04%,3.75,4.35,1913,101.26%,114.41%,0.150491,0.081974,2026-06-08
MU,949.28,2026-06-12,4,Put,915.00,-3.61%,28.8,29.8,757,101.26%,114.35%,0.37021,-0.355714,2026-06-08
MRVL,288.85,2026-06-26,18,Call,320.00,-10.78%,17,18.55,608,106.04%,114.25%,0.246721,0.393571,2026-06-08
OKLO,58.94,2026-07-17,39,Call,100.00,-69.66%,0.9,1.15,542,97.47%,114.24%,0.036589,0.111529,2026-06-08
MU,949.28,2026-06-12,4,Call,910.00,+4.14%,66.1,67.7,786,101.26%,114.19%,0.363477,0.661517,2026-06-08
SNDK,1642,2026-06-12,4,Call,"2,000.00",-21.80%,4,5,1212,103.89%,114.18%,0.194659,0.05625,2026-06-08
MU,949.28,2026-06-12,4,Call,"1,125.00",-18.51%,4.1,4.6,654,101.26%,114.17%,0.157667,0.087227,2026-06-08
NBIS,218,2026-11-20,165,Call,220.00,-0.92%,64.15,67.3,801,114.21%,114.17%,0.541142,0.653045,2026-06-08
SNDK,1642,2026-06-12,4,Call,"1,850.00",-12.67%,16.5,18.5,795,103.89%,114.14%,0.442845,0.174843,2026-06-08
MU,949.28,2026-06-12,4,Put,910.00,-4.14%,26.55,27.95,858,101.26%,114.11%,0.363515,-0.338571,2026-06-08
MRVL,288.85,2026-06-18,10,Call,285.00,+1.33%,22.95,24.45,875,106.04%,114.10%,0.187967,0.567731,2026-06-08
MU,949.28,2026-06-12,4,Call,905.00,+4.66%,69.05,70.9,872,101.26%,114.04%,0.356113,0.678368,2026-06-08
MU,949.28,2026-06-12,4,Call,940.00,+0.98%,48.9,50.9,9494,101.26%,113.94%,0.392265,0.557755,2026-06-08
MRVL,288.85,2026-06-18,10,Put,260.00,-9.99%,8.9,9.55,558,106.04%,113.89%,0.153699,-0.255571,2026-06-08
RKLB,113.65,2026-06-18,10,Call,115.00,-1.19%,7.6,8.35,691,103.79%,113.87%,0.074992,0.514696,2026-06-08
CRWV,102.37,2026-06-12,4,Put,96.00,-6.22%,2.07,2.3,615,88.93%,113.86%,0.035675,-0.273718,2026-06-08
MU,949.28,2026-06-12,4,Call,"1,110.00",-16.93%,5.25,5.65,639,101.26%,113.81%,0.181512,0.105646,2026-06-08
MU,949.28,2026-06-12,4,Put,922.50,-2.82%,31.45,32.95,575,101.26%,113.81%,0.378689,-0.381102,2026-06-08
MU,949.28,2026-06-12,4,Call,930.00,+2.03%,54.25,56,4385,101.26%,113.80%,0.385621,0.592938,2026-06-08
MU,949.28,2026-06-12,4,Call,927.50,+2.29%,55.3,57.7,573,101.26%,113.79%,0.383479,0.601685,2026-06-08
FLY,36.18,2026-08-21,74,Call,50.00,-38.20%,3.1,3.9,566,112.54%,113.78%,0.060895,0.359171,2026-06-08
VSH,57.22,2026-07-17,39,Call,65.00,-13.60%,5.5,5.9,1970,115.90%,113.77%,0.073744,0.440742,2026-06-08
IREN,59.19,2026-07-17,39,Call,100.00,-68.95%,0.99,1.08,623,108.93%,113.75%,0.036948,0.112394,2026-06-08
IBRX,7.17,2028-01-21,592,Call,10.00,-39.47%,2.6,4.1,1218,95.34%,113.74%,0.031523,0.704634,2026-06-08
LITE,895.4,2026-06-12,4,Call,"1,000.00",-11.68%,9.8,11.8,750,98.83%,113.74%,0.257197,0.193469,2026-06-08
MU,949.28,2026-06-12,4,Call,"1,115.00",-17.46%,4.8,5.25,662,101.26%,113.74%,0.172835,0.098766,2026-06-08
IREN,59.19,2026-06-18,10,Put,57.00,-3.70%,3.2,3.45,535,108.93%,113.73%,0.037376,-0.382535,2026-06-08
MU,949.28,2026-06-12,4,Call,"1,100.00",-15.88%,6.2,6.5,13558,101.26%,113.73%,0.198801,0.120003,2026-06-08
MU,949.28,2026-06-12,4,Call,"1,105.00",-16.40%,5.65,6.1,675,101.26%,113.72%,0.189932,0.112528,2026-06-08
MRVL,288.85,2026-06-18,10,Call,270.00,+6.53%,30.75,32.95,1783,106.04%,113.65%,0.171733,0.676518,2026-06-08
MU,949.28,2026-06-12,4,Call,"1,090.00",-14.82%,7,7.75,766,101.26%,113.64%,0.216657,0.135814,2026-06-08
IREN,59.19,2026-08-21,74,Put,50.00,-15.53%,6.65,7.05,3382,108.93%,113.61%,0.088919,-0.275052,2026-06-08
WULF,25.86,2026-12-18,193,Call,20.00,+22.66%,9.1,10.3,4013,92.00%,113.61%,0.055986,0.724116,2026-06-08
MU,949.28,2026-06-12,4,Put,925.00,-2.56%,32.5,33.9,2638,101.26%,113.60%,0.381172,-0.38968,2026-06-08
MU,949.28,2026-06-18,10,Call,"1,400.00",-47.48%,1.38,1.73,557,101.26%,113.59%,0.090568,0.024585,2026-06-08
MRVL,288.85,2026-06-18,10,Put,280.00,-3.06%,16.55,17.55,646,106.04%,113.57%,0.184197,-0.395951,2026-06-08
MU,949.28,2026-06-12,4,Put,927.50,-2.29%,33.6,34.95,1360,101.26%,113.53%,0.383497,-0.398386,2026-06-08
MU,949.28,2026-06-12,4,Call,"1,120.00",-17.98%,4.35,4.85,2796,101.26%,113.49%,0.163863,0.091867,2026-06-08
MU,949.28,2026-06-12,4,Call,925.00,+2.56%,56.95,58.6,1836,101.26%,113.47%,0.381099,0.610581,2026-06-08
MU,949.28,2026-06-12,4,Put,920.00,-3.08%,30.3,31.7,6423,101.26%,113.42%,0.375904,-0.372185,2026-06-08
MRVL,288.85,2026-06-18,10,Put,250.00,-13.45%,6.05,6.6,1306,106.04%,113.41%,0.13086,-0.192683,2026-06-08
MU,949.28,2026-06-12,4,Put,930.00,-2.03%,34.75,35.95,4565,101.26%,113.41%,0.385631,-0.407107,2026-06-08
ASTS,92.06,2026-07-17,39,Call,90.00,+2.24%,14.25,14.95,563,115.50%,113.40%,0.116143,0.601455,2026-06-08
MRVL,288.85,2026-06-18,10,Put,270.00,-6.53%,12.35,13.05,520,106.04%,113.37%,0.171739,-0.323493,2026-06-08
WDC,526.93,2026-06-12,4,Put,450.00,-14.60%,1.7,3.2,511,85.49%,113.37%,0.083502,-0.081931,2026-06-08
MU,949.28,2026-06-12,4,Put,935.00,-1.50%,36.85,38.4,3179,101.26%,113.31%,0.389343,-0.424713,2026-06-08
CRWV,102.37,2026-06-12,4,Put,95.00,-7.20%,1.83,1.9,2101,88.93%,113.24%,0.033635,-0.244282,2026-06-08
IREN,59.19,2026-09-18,102,Call,60.00,-1.37%,13.4,14.3,629,108.93%,113.22%,0.119552,0.615517,2026-06-08
MRVL,288.85,2026-07-17,39,Call,400.00,-38.48%,13,13.4,4197,106.04%,113.22%,0.298033,0.2469,2026-06-08
IREN,59.19,2026-06-18,10,Call,70.00,-18.26%,1.16,1.3,4638,108.93%,113.21%,0.028465,0.212923,2026-06-08
MU,949.28,2026-06-12,4,Call,935.00,+1.50%,51.6,52.75,3800,101.26%,113.12%,0.389297,0.575549,2026-06-08
MU,949.28,2026-06-12,4,Put,940.00,-0.98%,39.35,40.55,4393,101.26%,113.11%,0.392282,-0.442392,2026-06-08
IREN,59.19,2026-09-18,102,Call,65.00,-9.82%,11.8,12.35,617,108.93%,113.07%,0.123246,0.563316,2026-06-08
HYMC,26.33,2026-08-21,74,Call,44.00,-67.11%,0.75,2.1,600,102.35%,113.04%,0.035978,0.229764,2026-06-08
MU,949.28,2026-06-12,4,Call,"1,080.00",-13.77%,8.15,8.7,1460,101.26%,113.04%,0.233752,0.151996,2026-06-08
MU,949.28,2026-06-12,4,Call,920.00,+3.08%,59.8,61.15,1437,101.26%,113.03%,0.375755,0.628272,2026-06-08
MU,949.28,2026-06-12,4,Put,945.00,-0.45%,41.75,43,3344,101.26%,112.95%,0.394443,-0.460151,2026-06-08
SMR,10.76,2027-01-15,221,Call,10.00,+7.06%,3.9,4.1,575,105.23%,112.95%,0.02873,0.708463,2026-06-08
RGTI,21.76,2026-07-17,39,Call,25.00,-14.89%,2,2.14,780,109.71%,112.92%,0.027924,0.428502,2026-06-08
MU,949.28,2026-06-12,4,Call,975.00,-2.71%,32.9,34.65,1408,101.26%,112.89%,0.391141,0.43492,2026-06-08
MU,949.28,2026-06-12,4,Call,985.00,-3.76%,29.1,31,787,101.26%,112.89%,0.38421,0.401205,2026-06-08
MU,949.28,2026-06-12,4,Call,945.00,+0.45%,46.4,47.55,5205,101.26%,112.88%,0.394425,0.540077,2026-06-08
MU,949.28,2026-06-12,4,Call,"1,050.00",-10.61%,12.5,13.4,12151,101.26%,112.86%,0.289885,0.214394,2026-06-08
VSH,57.22,2026-07-17,39,Call,70.00,-22.33%,4.1,4.5,9551,115.90%,112.81%,0.070039,0.361529,2026-06-08
MU,949.28,2026-06-26,18,Call,"1,200.00",-26.41%,24.85,25.8,1050,101.26%,112.80%,0.60896,0.210841,2026-06-08
MU,949.28,2026-06-12,4,Call,960.00,-1.13%,39.15,40.75,6258,101.26%,112.80%,0.396214,0.486927,2026-06-08
RGTI,21.76,2026-07-17,39,Put,21.00,-3.49%,2.49,2.95,581,109.71%,112.78%,0.02721,-0.385973,2026-06-08
MU,949.28,2026-06-12,4,Put,950.00,+0.08%,44.35,45.4,6460,101.26%,112.74%,0.395817,-0.477957,2026-06-08
MU,949.28,2026-06-12,4,Put,"1,000.00",+5.34%,73.7,77.05,687,101.26%,112.74%,0.36882,-0.64795,2026-06-08
MU,949.28,2026-06-12,4,Call,950.00,-0.08%,44.05,44.9,14161,101.26%,112.67%,0.395809,0.522269,2026-06-08
IREN,59.19,2026-06-18,10,Call,68.00,-14.88%,1.46,1.69,1243,108.93%,112.59%,0.03172,0.259084,2026-06-08
MU,949.28,2026-06-12,4,Call,"1,070.00",-12.72%,9.25,10.05,996,101.26%,112.57%,0.251589,0.170122,2026-06-08
MU,949.28,2026-06-12,4,Put,955.00,+0.60%,46.8,48.15,3025,101.26%,112.57%,0.396397,-0.495772,2026-06-08
MU,949.28,2026-06-12,4,Call,955.00,-0.60%,41.5,42.7,6606,101.26%,112.56%,0.396402,0.504481,2026-06-08
MU,949.28,2026-06-12,4,Put,960.00,+1.13%,49.55,50.9,2044,101.26%,112.56%,0.396192,-0.51347,2026-06-08
MU,949.28,2026-06-12,4,Call,965.00,-1.66%,37,38.35,2576,101.26%,112.50%,0.395245,0.469194,2026-06-08
MU,949.28,2026-06-12,4,Put,970.00,+2.18%,55.3,56.65,899,101.26%,112.50%,0.393484,-0.548515,2026-06-08
ASTS,92.06,2026-07-17,39,Put,90.00,-2.24%,11.9,12.3,731,115.50%,112.47%,0.116223,-0.399846,2026-06-08
MU,949.28,2026-06-12,4,Call,"1,030.00",-8.50%,16.55,17.25,2045,101.26%,112.46%,0.324852,0.263985,2026-06-08
MU,949.28,2026-06-12,4,Call,980.00,-3.24%,31,32.4,2081,101.26%,112.45%,0.38791,0.417445,2026-06-08
MSTR,127.2,2026-07-02,24,Put,80.00,-37.11%,0.53,0.76,674,78.12%,112.43%,0.027636,-0.03917,2026-06-08
MU,949.28,2026-06-12,4,Call,"1,075.00",-13.24%,8.6,9.25,546,101.26%,112.42%,0.241719,0.159924,2026-06-08
WULF,25.86,2028-01-21,592,Call,35.00,-35.34%,8.75,9.7,643,92.00%,112.42%,0.104316,0.576061,2026-06-08
MU,949.28,2026-06-12,4,Call,990.00,-4.29%,27.45,28.8,1282,101.26%,112.40%,0.379566,0.384053,2026-06-08
NBIS,218,2026-07-17,39,Call,300.00,-37.61%,9.8,10.3,580,114.21%,112.36%,0.226371,0.249855,2026-06-08
MU,949.28,2026-06-12,4,Call,"1,060.00",-11.66%,10.85,11.35,1274,101.26%,112.35%,0.270117,0.190515,2026-06-08
IONQ,62.8,2026-06-18,10,Call,75.00,-19.43%,1.1,1.23,950,104.31%,112.31%,0.028727,0.195762,2026-06-08
MU,949.28,2026-06-12,4,Call,970.00,-2.18%,35,36,3265,101.26%,112.23%,0.3935,0.451546,2026-06-08
MU,949.28,2026-06-12,4,Call,995.00,-4.82%,25.85,26.95,746,101.26%,112.23%,0.374373,0.367541,2026-06-08
MU,949.28,2026-06-12,4,Call,"1,010.00",-6.40%,21.3,22.45,2009,101.26%,112.23%,0.355685,0.320696,2026-06-08
MU,949.28,2026-06-12,4,Call,"1,000.00",-5.34%,24.6,25,25251,101.26%,112.18%,0.368642,0.351507,2026-06-08
MU,949.28,2026-06-12,4,Call,"1,045.00",-10.08%,13.2,14.15,514,101.26%,112.16%,0.297835,0.224736,2026-06-08
IREN,59.19,2026-06-18,10,Call,55.00,+7.08%,6.5,6.85,536,108.93%,112.13%,0.034598,0.68928,2026-06-08
MU,949.28,2026-06-12,4,Call,"1,025.00",-7.98%,17.45,18.45,780,101.26%,112.12%,0.332721,0.276936,2026-06-08
NBIS,218,2026-07-17,39,Call,230.00,-5.50%,27,27.5,1169,114.21%,112.12%,0.283944,0.519079,2026-06-08
MRVL,288.85,2026-06-26,18,Call,300.00,-3.86%,23.35,24.9,1157,106.04%,112.09%,0.255823,0.491718,2026-06-08
PL,32.74,2026-07-02,24,Put,30.00,-8.37%,2.05,2.65,1028,110.23%,112.09%,0.0302,-0.32464,2026-06-08
ASTS,92.06,2026-07-17,39,Put,80.00,-13.10%,7.05,7.45,614,115.50%,112.08%,0.101715,-0.282442,2026-06-08
MU,949.28,2026-06-12,4,Call,"1,035.00",-9.03%,15.2,16.15,718,101.26%,112.08%,0.315685,0.249855,2026-06-08
MU,949.28,2026-06-12,4,Call,"1,040.00",-9.56%,14.15,15.1,2238,101.26%,112.05%,0.306745,0.236917,2026-06-08
NBIS,218,2026-07-17,39,Call,260.00,-19.27%,17.6,18.15,517,114.21%,112.05%,0.272789,0.386998,2026-06-08
NBIS,218,2026-07-17,39,Call,250.00,-14.68%,20.3,20.9,1014,114.21%,112.02%,0.279693,0.428508,2026-06-08
CRWV,102.37,2026-06-12,4,Put,97.00,-5.25%,2.36,2.53,615,88.93%,111.98%,0.03732,-0.301082,2026-06-08
MU,949.28,2026-06-12,4,Call,"1,005.00",-5.87%,22.9,23.5,732,101.26%,111.93%,0.362204,0.33543,2026-06-08
MRVL,288.85,2026-06-26,18,Call,290.00,-0.40%,27.5,29.05,565,106.04%,111.92%,0.254182,0.545878,2026-06-08
ENPH,56.88,2026-06-18,10,Call,70.00,-23.07%,0.6,0.95,1780,95.22%,111.87%,0.022257,0.15315,2026-06-08
IREN,59.19,2026-08-21,74,Call,70.00,-18.26%,8.1,8.45,1183,108.93%,111.86%,0.106084,0.473567,2026-06-08
IREN,59.19,2026-08-21,74,Call,75.00,-26.71%,6.85,7.1,2016,108.93%,111.84%,0.10414,0.419393,2026-06-08
MU,949.28,2026-06-12,4,Call,"1,020.00",-7.45%,18.55,19.6,2698,101.26%,111.81%,0.340396,0.290442,2026-06-08
IREN,59.19,2026-06-18,10,Call,60.00,-1.37%,3.95,4.1,3061,108.93%,111.78%,0.039072,0.509734,2026-06-08
IREN,59.19,2026-08-21,74,Call,65.00,-9.82%,9.7,9.9,2752,108.93%,111.75%,0.105974,0.532057,2026-06-08
ASTS,92.06,2026-07-17,39,Call,80.00,+13.10%,19,20.15,683,115.50%,111.70%,0.101576,0.718391,2026-06-08
CLPT,13.38,2026-11-20,165,Call,20.00,-49.48%,1.55,3,507,84.47%,111.63%,0.035546,0.445044,2026-06-08
CRDO,222.27,2026-06-18,10,Call,215.00,+3.27%,19.2,21,518,107.06%,111.62%,0.141211,0.60941,2026-06-08
IREN,59.19,2027-01-15,221,Call,140.00,-136.53%,6.35,6.75,892,108.93%,111.54%,0.159524,0.297499,2026-06-08
IREN,59.19,2026-08-21,74,Call,80.00,-35.16%,5.75,5.95,1132,108.93%,111.52%,0.100551,0.369191,2026-06-08
IREN,59.19,2026-07-17,39,Put,49.00,-17.22%,3.55,3.8,564,108.93%,111.48%,0.059984,-0.238841,2026-06-08
KEEL,5.66,2028-01-21,592,Call,12.00,-112.01%,1.91,2.14,971,114.56%,111.47%,0.02804,0.588822,2026-06-08
BE,253.57,2026-06-26,18,Call,275.00,-8.45%,16.25,17.45,22358,109.55%,111.44%,0.220322,0.421951,2026-06-08
IREN,59.19,2026-06-26,18,Call,80.00,-35.16%,0.86,1,509,108.93%,111.44%,0.029059,0.138613,2026-06-08
SNDK,1642,2026-06-18,10,Call,"2,500.00",-52.25%,0.95,2,915,103.89%,111.44%,0.100525,0.01459,2026-06-08
IREN,59.19,2026-08-21,74,Call,60.00,-1.37%,11.35,11.8,1866,108.93%,111.37%,0.103333,0.594316,2026-06-08
CRDO,222.27,2026-08-21,74,Put,130.00,-41.51%,5,6.8,656,107.06%,111.36%,0.164014,-0.09111,2026-06-08
MU,949.28,2026-06-26,18,Call,"1,100.00",-15.88%,42.25,44,642,101.26%,111.28%,0.754498,0.320683,2026-06-08
CRDO,222.27,2026-06-18,10,Call,230.00,-3.48%,12.3,13.9,1381,107.06%,111.27%,0.146196,0.464873,2026-06-08
IREN,59.19,2026-06-18,10,Call,65.00,-9.82%,2.18,2.29,1757,108.93%,111.05%,0.035901,0.340105,2026-06-08
DNA,8.09,2026-12-18,193,Call,9.00,-11.25%,2,2.6,1387,111.19%,111.03%,0.022459,0.616561,2026-06-08
IREN,59.19,2026-06-18,10,Call,61.00,-3.06%,3.5,3.65,568,108.93%,110.96%,0.038996,0.473377,2026-06-08
MSTR,127.2,2026-06-26,18,Put,85.00,-33.18%,0.43,0.64,1949,78.12%,110.96%,0.023706,-0.038713,2026-06-08
ONDS,10.3,2027-01-15,221,Call,25.00,-142.72%,1,1.15,649,99.09%,110.96%,0.027197,0.284733,2026-06-08
MU,949.28,2026-06-26,18,Call,"1,050.00",-10.61%,55.2,57.25,829,101.26%,110.93%,0.808802,0.390062,2026-06-08
CRWV,102.37,2026-06-18,10,Put,80.00,-21.85%,0.6,0.76,1872,88.93%,110.91%,0.023973,-0.074939,2026-06-08
CRWV,102.37,2026-06-12,4,Put,100.00,-2.32%,3.4,3.75,1254,88.93%,110.83%,0.041299,-0.396346,2026-06-08
MU,949.28,2026-06-26,18,Call,900.00,+5.19%,116.6,119.6,604,101.26%,110.77%,0.791829,0.635644,2026-06-08
MU,949.28,2026-06-18,10,Call,"1,300.00",-36.95%,3.4,3.85,1904,101.26%,110.75%,0.169285,0.052814,2026-06-08
CRWV,102.37,2026-06-12,4,Put,98.00,-4.27%,2.67,2.84,571,88.93%,110.71%,0.038851,-0.330915,2026-06-08
MU,949.28,2026-06-26,18,Call,"1,000.00",-5.34%,71.3,74.05,2002,101.26%,110.61%,0.838108,0.467324,2026-06-08
RGTI,21.76,2026-07-17,39,Call,20.00,+8.09%,3.85,4.15,1733,109.71%,110.60%,0.025923,0.664844,2026-06-08
IREN,59.19,2026-08-21,74,Call,90.00,-52.05%,3.85,4.3,780,108.93%,110.56%,0.089974,0.281697,2026-06-08
IREN,59.19,2026-06-18,10,Call,62.00,-4.75%,3.1,3.25,1177,108.93%,110.54%,0.038607,0.437771,2026-06-08
MU,949.28,2026-06-18,10,Put,795.00,-16.25%,13.35,14.35,615,101.26%,110.51%,0.355132,-0.143203,2026-06-08
ALAB,346.33,2026-09-18,102,Call,480.00,-38.60%,41.65,44.25,2720,109.22%,110.48%,0.708007,0.401563,2026-06-08
IREN,59.19,2026-06-18,10,Call,59.00,+0.32%,4.3,4.55,676,108.93%,110.39%,0.038828,0.54554,2026-06-08
MU,949.28,2026-06-26,18,Call,950.00,-0.08%,91.85,94.15,2148,101.26%,110.36%,0.834215,0.55036,2026-06-08
IREN,59.19,2027-01-15,221,Call,60.00,-1.37%,19.5,20.2,883,108.93%,110.33%,0.166774,0.670073,2026-06-08
IREN,59.19,2026-07-17,39,Put,50.00,-15.53%,3.9,4.05,604,108.93%,110.29%,0.06217,-0.25537,2026-06-08
IREN,59.19,2026-12-18,193,Call,70.00,-18.26%,14.7,16.3,2126,108.93%,110.19%,0.167732,0.585601,2026-06-08
IREN,59.19,2027-01-15,221,Call,110.00,-85.84%,9,9.65,593,108.93%,110.09%,0.177229,0.394164,2026-06-08
OKLO,58.94,2026-09-18,102,Call,105.00,-78.15%,3.6,4.15,504,97.47%,110.06%,0.098371,0.246983,2026-06-08
IONQ,62.8,2026-06-18,10,Call,70.00,-11.46%,1.96,2.16,844,104.31%,109.96%,0.036595,0.308542,2026-06-08
MU,949.28,2026-06-18,10,Call,"1,260.00",-32.73%,4.9,5.45,1271,101.26%,109.94%,0.216016,0.072181,2026-06-08
QBTS,25.83,2026-06-26,18,Call,30.00,-16.14%,1.02,1.24,743,107.99%,109.93%,0.020356,0.314281,2026-06-08
MRVL,288.85,2026-08-21,74,Call,420.00,-45.40%,21.95,22.9,570,106.04%,109.85%,0.458992,0.310327,2026-06-08
RKLB,113.65,2026-07-17,39,Call,210.00,-84.78%,0.9,1.1,583,103.79%,109.77%,0.046642,0.064173,2026-06-08
MU,949.28,2026-11-20,165,Put,240.00,-74.72%,3.55,4.1,608,101.26%,109.76%,0.201364,-0.012137,2026-06-08
MU,949.28,2026-06-18,10,Put,800.00,-15.73%,14.25,14.75,1832,101.26%,109.65%,0.365604,-0.149538,2026-06-08
IONQ,62.8,2026-06-18,10,Call,65.00,-3.50%,3.45,3.8,898,104.31%,109.58%,0.041285,0.462669,2026-06-08
BE,253.57,2026-07-17,39,Put,240.00,-5.35%,27.75,28.75,2040,109.55%,109.50%,0.311893,-0.366345,2026-06-08
ONDS,10.3,2027-01-15,221,Call,20.00,-94.17%,1.4,1.6,653,99.09%,109.50%,0.030318,0.372206,2026-06-08
CIFR,24.29,2026-06-26,18,Call,27.50,-13.22%,1.07,1.39,837,107.72%,109.44%,0.020005,0.35125,2026-06-08
MU,949.28,2026-08-21,74,Put,440.00,-53.65%,7.35,7.95,1325,101.26%,109.40%,0.32478,-0.034287,2026-06-08
SNDK,1642,2027-01-15,221,Call,"1,500.00",+8.65%,596.3,612,514,103.89%,109.32%,4.360665,0.711796,2026-06-08
IREN,59.19,2026-07-17,39,Put,55.00,-7.08%,5.95,6.2,831,108.93%,109.31%,0.071437,-0.347099,2026-06-08
MRVL,288.85,2026-07-17,39,Call,350.00,-21.17%,20.95,21.7,2407,106.04%,109.29%,0.354482,0.363839,2026-06-08
IONQ,62.8,2026-06-18,10,Put,60.00,-4.46%,2.98,3.3,526,104.31%,109.26%,0.03904,-0.36419,2026-06-08
ONDS,10.3,2026-09-18,102,Call,15.00,-45.63%,1.1,1.13,1331,99.09%,109.23%,0.020469,0.365208,2026-06-08
SNDK,1642,2027-01-15,221,Call,"1,650.00",-0.49%,542.4,558,521,103.89%,109.18%,4.614343,0.672224,2026-06-08
QBTS,25.83,2026-09-18,102,Call,26.00,-0.66%,5.7,6.1,576,107.99%,109.12%,0.052154,0.615956,2026-06-08
CIFR,24.29,2026-07-17,39,Call,23.00,+5.31%,3.9,4.25,506,107.72%,109.11%,0.02987,0.634012,2026-06-08
IREN,59.19,2027-06-17,374,Call,110.00,-85.84%,15,15.7,4159,108.93%,109.06%,0.238932,0.510512,2026-06-08
IREN,59.19,2026-07-17,39,Call,55.00,+7.08%,10.15,10.75,742,108.93%,109.02%,0.07138,0.653722,2026-06-08
ADBE,244.99,2026-06-12,4,Put,220.00,-10.20%,2.28,2.59,540,56.96%,108.91%,0.061817,-0.157718,2026-06-08
OKLO,58.94,2026-09-18,102,Call,100.00,-69.66%,4.1,4.45,682,97.47%,108.64%,0.102844,0.26909,2026-06-08
MRVL,288.85,2026-09-18,102,Call,350.00,-21.17%,46,46.8,815,106.04%,108.60%,0.608721,0.487928,2026-06-08
MU,949.28,2026-07-17,39,Call,"1,500.00",-58.01%,19.4,20.5,583,101.26%,108.59%,0.675527,0.135529,2026-06-08
QBTS,25.83,2026-09-18,102,Put,23.00,-10.96%,3.8,4.4,780,107.99%,108.58%,0.047985,-0.307484,2026-06-08
BE,253.57,2026-06-26,18,Call,290.00,-14.37%,11.1,12.7,870,109.55%,108.53%,0.204878,0.333919,2026-06-08
ENPH,56.88,2026-07-17,39,Call,105.00,-84.60%,0.39,0.56,726,95.22%,108.53%,0.022686,0.061862,2026-06-08
CIFR,24.29,2026-07-17,39,Call,30.00,-23.51%,1.55,1.73,568,107.72%,108.51%,0.029159,0.342071,2026-06-08
QBTS,25.83,2026-07-17,39,Put,27.00,+4.53%,4.1,4.45,614,107.99%,108.51%,0.033612,-0.475891,2026-06-08
ONDS,10.3,2027-01-15,221,Call,15.00,-45.63%,2.15,2.3,1558,99.09%,108.38%,0.031972,0.501221,2026-06-08
QBTS,25.83,2026-07-17,39,Call,35.00,-35.50%,1.11,1.22,515,107.99%,108.35%,0.026919,0.251562,2026-06-08
CRWV,102.37,2026-06-12,4,Put,99.00,-3.29%,3,3.1,665,88.93%,108.33%,0.040141,-0.361329,2026-06-08
IREN,59.19,2026-07-17,39,Call,75.00,-26.71%,3.5,3.65,665,108.93%,108.22%,0.068744,0.315171,2026-06-08
IREN,59.19,2026-07-17,39,Call,80.00,-35.16%,2.63,2.75,1119,108.93%,108.18%,0.061913,0.253329,2026-06-08
MU,949.28,2026-06-18,10,Call,"1,200.00",-26.41%,8.2,8.95,5152,101.26%,108.06%,0.299449,0.112077,2026-06-08
CIFR,24.29,2026-07-17,39,Call,25.00,-2.92%,3,3.3,541,107.72%,108.03%,0.031496,0.542296,2026-06-08
IREN,59.19,2026-07-17,39,Call,60.00,-1.37%,7.95,8.15,1039,108.93%,108.00%,0.076328,0.559327,2026-06-08
APLD,40.94,2027-01-15,221,Put,25.00,-38.94%,3.85,4.55,2361,102.25%,107.95%,0.074782,-0.151585,2026-06-08
IREN,59.19,2026-07-17,39,Call,65.00,-9.82%,6.1,6.25,1204,108.93%,107.92%,0.07695,0.468985,2026-06-08
IREN,59.19,2026-07-17,39,Call,70.00,-18.26%,4.65,4.75,3811,108.93%,107.91%,0.074048,0.386675,2026-06-08
RKLB,113.65,2026-07-17,39,Call,190.00,-67.18%,1.21,2.18,749,103.79%,107.90%,0.066212,0.102134,2026-06-08
OKLO,58.94,2026-06-12,4,Put,58.00,-1.59%,2.1,2.26,1100,97.47%,107.89%,0.024118,-0.420047,2026-06-08
MU,949.28,2026-06-18,10,Call,800.00,+15.73%,161.85,165.95,570,101.26%,107.87%,0.360013,0.853847,2026-06-08
OKLO,58.94,2026-06-12,4,Call,60.00,-1.80%,2.1,2.28,1654,97.47%,107.84%,0.024496,0.460986,2026-06-08
SHLS,10.88,2026-10-16,130,Call,10.00,+8.09%,3,3.3,1091,114.23%,107.74%,0.023161,0.681912,2026-06-08
MU,949.28,2026-07-02,24,Call,"1,100.00",-15.88%,51.9,54.8,1994,101.26%,107.72%,0.900964,0.349367,2026-06-08
PL,32.74,2026-07-17,39,Call,37.00,-13.01%,2.95,3.2,5268,110.23%,107.72%,0.042149,0.4364,2026-06-08
ALAB,346.33,2026-07-17,39,Call,410.00,-18.38%,26.35,28.25,512,109.22%,107.70%,0.432744,0.385082,2026-06-08
TMC,5.11,2028-01-21,592,Call,15.00,-193.54%,1.17,1.55,803,96.38%,107.69%,0.025924,0.47853,2026-06-08
RKLB,113.65,2026-07-17,39,Call,195.00,-71.58%,1.23,1.65,1007,103.79%,107.68%,0.059864,0.089063,2026-06-08
AMSC,43.34,2026-06-18,10,Call,50.00,-15.37%,0.9,1.1,1197,95.23%,107.65%,0.022278,0.239562,2026-06-08
OKLO,58.94,2026-06-12,4,Call,63.00,-6.89%,1.13,1.23,581,97.47%,107.62%,0.021372,0.297542,2026-06-08
QBTS,25.83,2026-07-17,39,Put,28.00,+8.40%,4.75,5,577,107.99%,107.52%,0.033636,-0.518387,2026-06-08
MRVL,288.85,2026-07-17,39,Call,320.00,-10.78%,28.55,29.5,1222,106.04%,107.44%,0.374553,0.458142,2026-06-08
CRML,10.11,2027-01-15,221,Call,12.50,-23.64%,2.45,2.85,3776,114.42%,107.41%,0.030813,0.575893,2026-06-08
OKLO,58.94,2026-06-12,4,Call,59.00,-0.10%,2.55,2.7,744,97.47%,107.41%,0.024582,0.52022,2026-06-08
USAR,22.21,2027-01-15,221,Call,60.00,-170.15%,1.66,1.79,851,106.23%,107.38%,0.052264,0.228342,2026-06-08
MRVL,288.85,2026-07-17,39,Call,310.00,-7.32%,31.7,33.05,699,106.04%,107.33%,0.376582,0.493984,2026-06-08
IREN,59.19,2026-06-26,18,Call,60.00,-1.37%,5.15,5.45,527,108.93%,107.26%,0.052309,0.52772,2026-06-08
ONDS,10.3,2026-09-18,102,Call,13.00,-26.21%,1.47,1.51,929,99.09%,107.15%,0.021591,0.45632,2026-06-08
OKLO,58.94,2026-06-18,10,Call,70.00,-18.76%,0.92,1.1,865,97.47%,107.04%,0.026505,0.19036,2026-06-08
OKLO,58.94,2026-06-12,4,Call,62.00,-5.19%,1.4,1.5,765,97.47%,107.04%,0.022792,0.347463,2026-06-08
DDOG,231.68,2026-06-26,18,Put,143.00,-38.28%,0.01,0.65,704,61.63%,107.00%,0.020075,-0.015527,2026-06-08
GLXY,30.51,2026-06-26,18,Call,31.00,-1.61%,2.6,2.78,15831,103.30%,106.87%,0.026981,0.523543,2026-06-08
PL,32.74,2026-07-17,39,Call,35.00,-6.90%,3.6,3.8,551,110.23%,106.86%,0.042692,0.497957,2026-06-08
MU,949.28,2026-06-18,10,Call,"1,150.00",-21.14%,12.7,13.65,510,101.26%,106.85%,0.383725,0.160909,2026-06-08
CIEN,466.67,2026-06-12,4,Put,450.00,-3.57%,11.1,15.1,772,86.62%,106.78%,0.181007,-0.350339,2026-06-08
HIMX,20.33,2026-07-17,39,Put,19.00,-6.54%,1.5,2.75,634,103.18%,106.75%,0.02468,-0.357263,2026-06-08
INTC,110.27,2026-06-12,4,Call,128.00,-16.08%,0.55,0.58,1257,83.82%,106.75%,0.020422,0.1011,2026-06-08
CRWV,102.37,2026-06-18,10,Put,85.00,-16.97%,1.17,1.28,1282,88.93%,106.73%,0.035054,-0.125884,2026-06-08
PL,32.74,2026-07-17,39,Call,44.00,-34.39%,1.25,1.7,961,110.23%,106.67%,0.03429,0.25395,2026-06-08
ONDS,10.3,2028-01-21,592,Put,5.00,-51.46%,1.44,1.53,532,99.09%,106.59%,0.024089,-0.106733,2026-06-08
AMPX,18.83,2026-08-21,74,Call,17.00,+9.72%,4.2,4.7,703,100.35%,106.57%,0.030304,0.68037,2026-06-08
MRVL,288.85,2026-09-18,102,Call,300.00,-3.86%,60.4,61.5,5535,106.04%,106.55%,0.592795,0.59168,2026-06-08
ARM,346.39,2026-06-18,10,Call,400.00,-15.48%,7.25,8.2,919,94.90%,106.54%,0.176206,0.235045,2026-06-08
GLXY,30.51,2026-09-18,102,Call,32.50,-6.52%,5.7,6.6,1429,103.30%,106.54%,0.063218,0.574418,2026-06-08
CRWV,102.37,2026-06-12,4,Call,102.00,+0.36%,4.65,4.85,699,88.93%,106.51%,0.042571,0.53657,2026-06-08
CRWV,102.37,2026-06-12,4,Call,103.00,-0.62%,4.2,4.35,1237,88.93%,106.49%,0.04275,0.501702,2026-06-08
IONQ,62.8,2026-06-26,18,Call,67.00,-6.69%,3.9,4.65,684,104.31%,106.46%,0.055027,0.441137,2026-06-08
ADBE,244.99,2026-06-12,4,Put,225.00,-8.16%,3.15,3.5,523,56.96%,106.41%,0.072917,-0.205232,2026-06-08
MU,949.28,2026-06-18,10,Put,850.00,-10.46%,24.75,25.75,3551,101.26%,106.41%,0.483625,-0.235696,2026-06-08
CRWV,102.37,2026-06-12,4,Call,100.00,+2.32%,5.7,5.9,3180,88.93%,106.40%,0.041225,0.606263,2026-06-08
OKLO,58.94,2026-06-18,10,Call,68.00,-15.37%,1.24,1.4,1099,97.47%,106.34%,0.030058,0.236128,2026-06-08
OKLO,58.94,2026-12-18,193,Call,120.00,-103.60%,5.85,6.65,517,97.47%,106.33%,0.150345,0.306028,2026-06-08
ADBE,244.99,2026-06-12,4,Put,242.50,-1.02%,8.75,10.4,672,56.96%,106.31%,0.101159,-0.440229,2026-06-08
CRWV,102.37,2026-06-12,4,Call,101.00,+1.34%,5.1,5.4,516,88.93%,106.28%,0.042061,0.57155,2026-06-08
ADEA,31.55,2026-12-18,193,Call,40.00,-26.78%,7,7.3,2187,102.76%,106.26%,0.090757,0.538329,2026-06-08
MRVL,288.85,2026-07-24,46,Call,300.00,-3.86%,38,40.4,646,106.04%,106.22%,0.406974,0.539858,2026-06-08
CRDO,222.27,2026-07-17,39,Call,230.00,-3.48%,26.6,29,650,107.06%,106.18%,0.288756,0.534459,2026-06-08
MRVL,288.85,2026-08-21,74,Call,350.00,-21.17%,34.25,36,714,106.04%,106.16%,0.513144,0.441334,2026-06-08
CRWV,102.37,2026-06-12,4,Put,102.00,-0.36%,4.25,4.4,2210,88.93%,106.11%,0.042573,-0.463718,2026-06-08
IREN,59.19,2028-09-15,830,Put,15.00,-74.66%,3.45,4,14131,108.93%,106.09%,0.083343,-0.044261,2026-06-08
GLXY,30.51,2026-09-18,102,Call,50.00,-63.88%,2.07,2.5,1381,103.30%,106.03%,0.054291,0.280006,2026-06-08
ENPH,56.88,2026-07-17,39,Call,100.00,-75.81%,0.55,0.6,882,95.22%,105.95%,0.026134,0.0743,2026-06-08
APLD,40.94,2026-09-18,102,Put,33.00,-19.39%,4.35,4.9,508,102.25%,105.94%,0.068502,-0.248246,2026-06-08
APPS,9.35,2027-01-15,221,Call,15.00,-60.43%,1.55,1.85,781,100.09%,105.94%,0.028766,0.44692,2026-06-08
INTC,110.27,2026-06-12,4,Call,127.00,-15.17%,0.62,0.65,1431,83.82%,105.93%,0.022005,0.112117,2026-06-08
MRVL,288.85,2026-07-17,39,Call,290.00,-0.40%,38.85,40.5,675,106.04%,105.90%,0.371042,0.568553,2026-06-08
MRVL,288.85,2026-07-17,39,Call,230.00,+20.37%,71.55,74.45,3717,106.04%,105.82%,0.264024,0.80029,2026-06-08
ONDS,10.3,2027-01-15,221,Call,12.00,-16.50%,2.8,2.89,505,99.09%,105.81%,0.030958,0.600224,2026-06-08
ONDS,10.3,2026-09-18,102,Call,12.00,-16.50%,1.71,1.75,1163,99.09%,105.79%,0.021714,0.509892,2026-06-08
IRDM,47.47,2026-06-18,10,Put,45.00,-5.20%,1.9,2.35,4176,89.10%,105.76%,0.028969,-0.345742,2026-06-08
MRVL,288.85,2026-07-17,39,Call,300.00,-3.86%,35,36,2345,106.04%,105.71%,0.375584,0.529598,2026-06-08
RKLB,113.65,2026-08-21,74,Put,110.00,-3.21%,18.3,19.4,651,103.79%,105.69%,0.193992,-0.375063,2026-06-08
QBTS,25.83,2026-07-17,39,Call,30.00,-16.14%,2.05,2.2,1252,107.99%,105.68%,0.032653,0.401652,2026-06-08
ONDS,10.3,2028-01-21,592,Call,10.00,+2.91%,5.3,5.45,671,99.09%,105.64%,0.039762,0.770701,2026-06-08
ADEA,31.55,2026-09-18,102,Call,35.00,-10.94%,5.6,6,636,102.76%,105.62%,0.066026,0.542254,2026-06-08
OPEN,4.31,2028-01-21,592,Call,15.00,-248.03%,0.9,1,686,94.33%,105.54%,0.021422,0.417086,2026-06-08
GLXY,30.51,2026-07-17,39,Call,40.00,-31.10%,1.39,1.61,7049,103.30%,105.50%,0.033201,0.273748,2026-06-08
GLXY,30.51,2026-07-17,39,Call,35.00,-14.72%,2.53,2.72,4218,103.30%,105.49%,0.038882,0.415167,2026-06-08
CRCL,82.53,2026-08-21,74,Call,200.00,-142.34%,0.7,0.8,1092,86.82%,105.41%,0.040459,0.053519,2026-06-08
ADEA,31.55,2026-09-18,102,Call,30.00,+4.91%,7.5,7.8,836,102.76%,105.40%,0.06169,0.648471,2026-06-08
MSTR,127.2,2027-01-15,221,Put,45.00,-64.62%,2.55,2.81,2600,78.12%,105.39%,0.092749,-0.044361,2026-06-08
INTC,110.27,2026-06-12,4,Call,126.00,-14.26%,0.7,0.74,1608,83.82%,105.37%,0.023752,0.124913,2026-06-08
MRVL,288.85,2026-11-20,165,Call,480.00,-66.18%,36,36.85,920,106.04%,105.34%,0.730927,0.36674,2026-06-08
MU,949.28,2026-06-18,10,Call,850.00,+10.46%,122.85,126.7,669,101.26%,105.25%,0.481285,0.766347,2026-06-08
MRVL,288.85,2026-08-21,74,Call,320.00,-10.78%,43,44,671,106.04%,105.24%,0.518407,0.514393,2026-06-08
MRVL,288.85,2026-07-17,39,Put,200.00,-30.76%,5.65,6,736,106.04%,105.11%,0.172033,-0.10529,2026-06-08
MRVL,288.85,2026-07-17,39,Call,220.00,+23.84%,78.1,81.75,1060,106.04%,105.10%,0.233981,0.835337,2026-06-08
GLXY,30.51,2026-09-18,102,Call,40.00,-31.10%,3.8,4.05,1015,103.30%,105.01%,0.063167,0.423908,2026-06-08
GLXY,30.51,2026-09-18,102,Call,45.00,-47.49%,2.75,3.15,10928,103.30%,104.98%,0.05929,0.342968,2026-06-08
ONDS,10.3,2027-01-15,221,Call,10.00,+2.91%,3.4,3.5,736,99.09%,104.92%,0.028595,0.681724,2026-06-08
MRVL,288.85,2026-12-18,193,Call,480.00,-66.18%,41.45,43.85,509,106.04%,104.88%,0.809903,0.397629,2026-06-08
MRVL,288.85,2026-08-21,74,Call,300.00,-3.86%,49.15,51.6,856,106.04%,104.87%,0.511178,0.567982,2026-06-08
HUT,119.6,2027-01-15,221,Call,160.00,-33.78%,26.2,28.8,568,99.67%,104.84%,0.37009,0.531563,2026-06-08
CRWV,102.37,2026-06-18,10,Put,87.50,-14.53%,1.53,1.7,1172,88.93%,104.82%,0.041139,-0.159472,2026-06-08
INTC,110.27,2026-06-12,4,Call,125.00,-13.36%,0.8,0.83,18282,83.82%,104.77%,0.025555,0.138893,2026-06-08
MU,949.28,2026-07-17,39,Call,710.00,+25.21%,269.95,274.25,639,101.26%,104.77%,0.727661,0.84863,2026-06-08
INTC,110.27,2026-06-18,10,Call,145.00,-31.50%,0.49,0.59,759,83.82%,104.75%,0.024087,0.068443,2026-06-08
FLY,36.18,2027-01-15,221,Call,40.00,-10.56%,10,11,582,112.54%,104.73%,0.106957,0.622647,2026-06-08
MU,949.28,2026-06-18,10,Call,"1,100.00",-15.88%,19.05,20.1,2635,101.26%,104.63%,0.470035,0.223996,2026-06-08
MSTR,127.2,2026-06-26,18,Put,90.00,-29.25%,0.68,0.78,843,78.12%,104.59%,0.0307,-0.053399,2026-06-08
USAR,22.21,2026-07-17,39,Call,28.00,-26.07%,1.22,1.33,2014,106.23%,104.52%,0.025613,0.310046,2026-06-08
GLXY,30.51,2026-07-17,39,Call,47.50,-55.69%,0.37,0.84,686,103.30%,104.51%,0.021405,0.132745,2026-06-08
IONQ,62.8,2026-07-17,39,Put,50.00,-20.38%,2.7,2.92,502,104.31%,104.48%,0.057142,-0.198115,2026-06-08
APLD,40.94,2027-01-15,221,Call,50.00,-22.13%,10.3,10.75,570,102.25%,104.46%,0.124853,0.57488,2026-06-08
APLD,40.94,2027-01-15,221,Call,75.00,-83.19%,5.75,6.05,521,102.25%,104.42%,0.121118,0.378099,2026-06-08
INTC,110.27,2026-06-12,4,Put,97.00,-12.03%,0.63,0.7,1849,83.82%,104.40%,0.02159,-0.109178,2026-06-08
MU,949.28,2026-06-18,10,Call,900.00,+5.19%,90.95,92.65,847,101.26%,104.37%,0.578462,0.655653,2026-06-08
IREN,59.19,2028-09-15,830,Put,20.00,-66.21%,5.55,6.1,14703,108.93%,104.36%,0.111989,-0.064398,2026-06-08
APLD,40.94,2026-06-18,10,Call,40.00,+2.30%,3.15,3.45,724,102.25%,104.21%,0.026346,0.589945,2026-06-08
MU,949.28,2026-06-18,10,Call,945.00,+0.45%,67.1,68.25,777,101.26%,104.18%,0.622444,0.546994,2026-06-08
USAR,22.21,2026-07-17,39,Call,30.00,-35.07%,0.86,0.98,686,106.23%,104.16%,0.02265,0.241581,2026-06-08
INTC,110.27,2026-06-12,4,Call,124.00,-12.45%,0.9,0.94,1777,83.82%,104.10%,0.027394,0.154038,2026-06-08
RKLB,113.65,2026-10-16,130,Put,55.00,-51.61%,2.59,2.85,9768,103.79%,104.09%,0.088128,-0.067082,2026-06-08
GLXY,30.51,2026-09-18,102,Call,35.00,-14.72%,5.05,5.3,2289,103.30%,104.04%,0.064278,0.517562,2026-06-08
CRWV,102.37,2026-06-12,4,Call,105.00,-2.57%,3.25,3.4,3710,88.93%,104.03%,0.042102,0.430594,2026-06-08
MU,949.28,2026-06-18,10,Call,"1,050.00",-10.61%,29.5,30.25,1096,101.26%,104.03%,0.554814,0.310654,2026-06-08
MU,949.28,2026-09-18,102,Call,"2,170.00",-128.59%,21.95,24.2,1034,101.26%,103.92%,0.960461,0.112757,2026-06-08
ARM,346.39,2026-06-18,10,Put,300.00,-13.39%,5.85,6.5,786,94.90%,103.90%,0.148797,-0.176876,2026-06-08
MU,949.28,2026-06-18,10,Put,900.00,-5.19%,40.8,42,5003,101.26%,103.89%,0.578409,-0.344259,2026-06-08
XE,22.42,2026-10-16,130,Put,22.50,+0.36%,5.1,5.6,885,97.44%,103.82%,0.050696,-0.375084,2026-06-08
VIAV,48.75,2026-11-20,165,Call,50.00,-2.56%,12.1,14.2,2511,99.52%,103.81%,0.123557,0.631767,2026-06-08
MU,949.28,2026-06-18,10,Put,910.00,-4.14%,44.65,46.45,539,101.26%,103.78%,0.592249,-0.368161,2026-06-08
SEDG,63.95,2026-06-18,10,Put,65.00,+1.64%,4.55,5.3,2039,105.01%,103.77%,0.042222,-0.50179,2026-06-08
MU,949.28,2026-06-18,10,Call,930.00,+2.03%,73.9,75.8,2681,101.26%,103.74%,0.612994,0.583571,2026-06-08
MU,949.28,2026-06-18,10,Call,"1,020.00",-7.45%,37.6,38.6,552,101.26%,103.73%,0.594162,0.371809,2026-06-08
RKLB,113.65,2026-07-17,39,Call,175.00,-53.98%,2.18,2.49,658,103.79%,103.73%,0.081657,0.137444,2026-06-08
CRWV,102.37,2026-06-12,4,Call,115.00,-12.34%,0.84,0.88,2642,88.93%,103.71%,0.025575,0.155354,2026-06-08
CRWV,102.37,2026-06-12,4,Call,107.00,-4.52%,2.55,2.65,1042,88.93%,103.68%,0.040216,0.363288,2026-06-08
MU,949.28,2026-06-18,10,Call,955.00,-0.60%,61.35,64,870,101.26%,103.63%,0.625802,0.522492,2026-06-08
CRWV,102.37,2026-06-12,4,Call,111.00,-8.43%,1.48,1.59,1094,88.93%,103.62%,0.033735,0.24563,2026-06-08
MU,949.28,2026-06-18,10,Call,940.00,+0.98%,68.7,70.8,689,101.26%,103.62%,0.619905,0.559111,2026-06-08
MU,949.28,2026-06-18,10,Call,910.00,+4.14%,83.6,87.55,514,101.26%,103.61%,0.592021,0.632272,2026-06-08
MSTR,127.2,2026-09-18,102,Call,420.00,-230.19%,0.56,0.77,834,78.12%,103.59%,0.045106,0.029483,2026-06-08
ARM,346.39,2026-06-18,10,Call,330.00,+4.73%,30.75,34.05,597,94.90%,103.57%,0.213248,0.645916,2026-06-08
MU,949.28,2026-06-18,10,Call,"1,000.00",-5.34%,44,45.15,6147,101.26%,103.55%,0.612826,0.415906,2026-06-08
FSLY,19.38,2027-01-15,221,Call,45.00,-132.20%,1.7,1.9,508,92.06%,103.52%,0.049801,0.269364,2026-06-08
MU,949.28,2026-06-18,10,Call,925.00,+2.56%,76.3,78.35,668,101.26%,103.52%,0.608623,0.595836,2026-06-08
SBET,5.52,2028-01-21,592,Call,35.00,-534.06%,0.58,0.66,566,85.06%,103.52%,0.022039,0.243768,2026-06-08
INTC,110.27,2026-06-12,4,Put,98.00,-11.13%,0.77,0.8,2927,83.82%,103.51%,0.023886,-0.125923,2026-06-08
RMBS,152.03,2026-06-18,10,Call,200.00,-31.55%,0.65,0.75,5537,92.41%,103.48%,0.032124,0.065562,2026-06-08
CRWV,102.37,2026-06-12,4,Call,106.00,-3.55%,2.86,3,641,88.93%,103.46%,0.041287,0.395912,2026-06-08
INTC,110.27,2026-06-12,4,Put,120.00,+8.82%,11.15,11.35,502,83.82%,103.46%,0.035396,-0.765791,2026-06-08
MU,949.28,2026-06-18,10,Call,960.00,-1.13%,59.4,61.25,1197,101.26%,103.45%,0.626592,0.510256,2026-06-08
CRWV,102.37,2026-06-12,4,Call,113.00,-10.38%,1.11,1.19,875,88.93%,103.44%,0.029673,0.19638,2026-06-08
GLXY,30.51,2026-07-17,39,Call,30.00,+1.67%,4.25,4.5,4993,103.30%,103.42%,0.03874,0.591209,2026-06-08
AMD,490.33,2026-06-12,4,Put,400.00,-18.42%,0.52,0.58,2170,71.31%,103.35%,0.031236,-0.026229,2026-06-08
GLXY,30.51,2026-07-17,39,Call,32.50,-6.52%,3.2,3.5,997,103.30%,103.34%,0.039784,0.497431,2026-06-08
INTC,110.27,2026-06-12,4,Call,123.00,-11.54%,1.02,1.05,1938,83.82%,103.33%,0.029249,0.17034,2026-06-08
MSTR,127.2,2026-06-18,10,Put,100.00,-21.38%,0.65,0.72,9213,78.12%,103.26%,0.027334,-0.067007,2026-06-08
MU,949.28,2026-06-18,10,Call,950.00,-0.08%,64,65.45,2348,101.26%,103.23%,0.624447,0.534541,2026-06-08
MU,949.28,2026-07-17,39,Call,"1,200.00",-26.41%,51.9,52.95,2162,101.26%,103.23%,1.084399,0.303469,2026-06-08
HIMX,20.33,2026-07-17,39,Call,20.00,+1.62%,2.65,3,546,103.18%,103.17%,0.025782,0.579724,2026-06-08
MRVL,288.85,2026-07-17,39,Put,220.00,-23.84%,9.5,10.1,625,106.04%,103.17%,0.231584,-0.161989,2026-06-08
CRCL,82.53,2027-01-15,221,Call,445.00,-439.20%,0.86,1.14,614,86.82%,103.12%,0.063567,0.047488,2026-06-08
MU,949.28,2026-06-18,10,Put,950.00,+0.08%,63.75,65.25,843,101.26%,103.11%,0.624488,-0.465944,2026-06-08
MU,949.28,2026-06-18,10,Call,"1,040.00",-9.56%,31.15,32.75,612,101.26%,103.08%,0.56797,0.328515,2026-06-08
CRWV,102.37,2026-06-18,10,Put,90.00,-12.08%,2.02,2.19,794,88.93%,103.07%,0.047285,-0.198935,2026-06-08
INTC,110.27,2026-06-12,4,Call,122.00,-10.64%,1.17,1.19,2493,83.82%,103.07%,0.031272,0.189477,2026-06-08
FSLY,19.38,2026-09-18,102,Call,20.00,-3.20%,3.8,4.2,555,92.06%,103.05%,0.039771,0.592283,2026-06-08
MRVL,288.85,2026-09-18,102,Put,250.00,-13.45%,38.5,39.95,500,106.04%,102.95%,0.522793,-0.290394,2026-06-08
MU,949.28,2026-06-18,10,Call,965.00,-1.66%,56.9,58.75,530,101.26%,102.94%,0.62679,0.497804,2026-06-08
MU,949.28,2026-06-18,10,Call,970.00,-2.18%,54.75,56.65,658,101.26%,102.93%,0.626397,0.485698,2026-06-08
MU,949.28,2026-06-18,10,Call,920.00,+3.08%,78.05,81.2,636,101.26%,102.91%,0.603566,0.608279,2026-06-08
CRWV,102.37,2026-06-12,4,Call,108.00,-5.50%,2.19,2.33,1457,88.93%,102.86%,0.038811,0.330061,2026-06-08
APLD,40.94,2026-06-18,10,Call,45.00,-9.92%,1.3,1.37,705,102.25%,102.85%,0.024279,0.321385,2026-06-08
IONQ,62.8,2026-07-17,39,Call,65.00,-3.50%,7.4,7.75,1282,104.31%,102.84%,0.081645,0.530865,2026-06-08
MU,949.28,2026-06-18,10,Put,945.00,-0.45%,60.75,62.6,735,101.26%,102.81%,0.622552,-0.453722,2026-06-08
MU,949.28,2026-08-21,74,Call,"1,600.00",-68.55%,36.6,38.2,551,101.26%,102.77%,1.156745,0.189178,2026-06-08
QCOM,217.77,2026-06-18,10,Call,300.00,-37.76%,0.46,0.55,684,81.06%,102.77%,0.028718,0.036328,2026-06-08
CRWV,102.37,2026-06-12,4,Call,104.00,-1.59%,3.5,3.85,1114,88.93%,102.74%,0.04258,0.464368,2026-06-08
ENPH,56.88,2026-06-18,10,Put,55.00,-3.31%,2.55,3.25,997,95.22%,102.69%,0.036035,-0.386815,2026-06-08
CRWV,102.37,2026-06-12,4,Call,112.00,-9.41%,1.25,1.35,1307,88.93%,102.55%,0.031534,0.217634,2026-06-08
CRWV,102.37,2026-06-12,4,Call,109.00,-6.48%,1.91,2.03,580,88.93%,102.52%,0.0372,0.298947,2026-06-08
CRWV,102.37,2026-06-12,4,Call,110.00,-7.45%,1.66,1.78,5705,88.93%,102.50%,0.035435,0.270031,2026-06-08
APLD,40.94,2026-06-18,10,Call,41.00,-0.15%,2.63,2.89,732,102.25%,102.45%,0.026944,0.532969,2026-06-08
INTC,110.27,2026-06-12,4,Call,121.00,-9.73%,1.31,1.35,1588,83.82%,102.44%,0.033193,0.2092,2026-06-08
OKLO,58.94,2026-07-17,39,Call,80.00,-35.73%,2.21,2.35,869,97.47%,102.39%,0.058723,0.231568,2026-06-08
CRWV,102.37,2026-06-26,18,Put,75.00,-26.74%,0.69,0.84,2534,88.93%,102.33%,0.02989,-0.068113,2026-06-08
INTC,110.27,2026-06-12,4,Call,120.00,-8.82%,1.5,1.52,31139,83.82%,102.15%,0.035172,0.231429,2026-06-08
INTC,110.27,2026-06-12,4,Put,99.00,-10.22%,0.88,0.94,2596,83.82%,102.14%,0.026124,-0.143477,2026-06-08
CRWV,102.37,2026-06-12,4,Call,114.00,-11.36%,0.89,1.02,824,88.93%,102.08%,0.02723,0.17109,2026-06-08
MSTR,127.2,2026-09-18,102,Put,65.00,-48.90%,2.14,2.56,801,78.12%,102.06%,0.08304,-0.062827,2026-06-08
GLW,187.54,2026-06-12,4,Put,160.00,-14.68%,0.49,0.62,2229,80.31%,102.05%,0.023821,-0.061419,2026-06-08
IONQ,62.8,2026-12-18,193,Put,60.00,-4.46%,14.95,16.6,609,104.31%,102.02%,0.164406,-0.326138,2026-06-08
INTC,110.27,2026-06-12,4,Put,100.00,-9.31%,1.07,1.1,19818,83.82%,101.92%,0.028695,-0.165362,2026-06-08
RKLB,113.65,2026-07-17,39,Call,115.00,-1.19%,14.3,15,837,103.79%,101.91%,0.14669,0.556869,2026-06-08
MU,949.28,2026-07-17,39,Call,"1,100.00",-15.88%,73.35,75.05,590,101.26%,101.87%,1.19526,0.395716,2026-06-08
RKLB,113.65,2026-07-17,39,Call,150.00,-31.98%,4.7,5.25,521,103.79%,101.83%,0.119551,0.256074,2026-06-08
APLD,40.94,2026-07-17,39,Call,44.00,-7.47%,4,4.55,635,102.25%,101.79%,0.053353,0.484835,2026-06-08
INTC,110.27,2026-06-12,4,Call,102.00,+7.50%,9.65,10,1952,83.82%,101.79%,0.033752,0.784683,2026-06-08
META,585.39,2026-07-17,39,Call,"1,440.00",-145.99%,0.01,0.64,581,34.56%,101.74%,0.03121,0.005723,2026-06-08
APLD,40.94,2026-07-17,39,Call,40.00,+2.30%,5.65,6.15,727,102.25%,101.66%,0.05177,0.598084,2026-06-08
LITE,895.4,2026-06-18,10,Call,920.00,-2.75%,45.4,54,639,98.83%,101.64%,0.58974,0.471654,2026-06-08
INTC,110.27,2026-06-12,4,Call,119.00,-7.92%,1.68,1.72,2059,83.82%,101.58%,0.037033,0.254564,2026-06-08
OKLO,58.94,2026-06-18,10,Call,60.00,-1.80%,3.4,3.6,1271,97.47%,101.53%,0.038913,0.493562,2026-06-08
INTC,110.27,2026-06-12,4,Call,100.00,+9.31%,11.25,11.5,3290,83.82%,101.44%,0.028572,0.835689,2026-06-08
MU,949.28,2026-07-17,39,Put,820.00,-13.62%,60.9,62.65,1285,101.26%,101.44%,1.022994,-0.268489,2026-06-08
INTC,110.27,2026-07-17,39,Call,195.00,-76.84%,0.8,0.92,2567,83.82%,101.43%,0.043713,0.061389,2026-06-08
QCOM,217.77,2026-06-12,4,Call,260.00,-19.39%,0.42,0.58,515,81.06%,101.43%,0.024721,0.053248,2026-06-08
MU,949.28,2026-07-17,39,Call,900.00,+5.19%,148.2,151.05,639,101.26%,101.38%,1.168906,0.632416,2026-06-08
SIMO,263.21,2026-09-18,102,Put,230.00,-12.62%,35,37.4,570,98.53%,101.37%,0.48099,-0.29703,2026-06-08
INTC,110.27,2026-06-12,4,Call,118.00,-7.01%,1.9,1.95,4667,83.82%,101.36%,0.038868,0.28017,2026-06-08
INTC,110.27,2026-06-12,4,Put,115.00,+4.29%,7.4,7.55,1684,83.82%,101.35%,0.043451,-0.633259,2026-06-08
INTC,110.27,2026-06-12,4,Put,101.00,-8.41%,1.25,1.29,1023,83.82%,101.24%,0.03114,-0.188185,2026-06-08
MU,949.28,2026-07-17,39,Call,"1,000.00",-5.34%,104.6,106.9,5053,101.26%,101.24%,1.23752,0.507927,2026-06-08
INTC,110.27,2026-06-12,4,Put,102.00,-7.50%,1.49,1.51,2304,83.82%,101.18%,0.033652,-0.214169,2026-06-08
ENPH,56.88,2026-07-17,39,Call,90.00,-58.23%,0.81,1,1334,95.22%,101.17%,0.035661,0.113082,2026-06-08
MU,949.28,2026-07-17,39,Call,950.00,-0.08%,124.7,127.2,709,101.26%,101.16%,1.218991,0.569365,2026-06-08
INTC,110.27,2026-06-12,4,Call,117.00,-6.10%,2.15,2.2,3889,83.82%,101.15%,0.04057,0.307357,2026-06-08
INTC,110.27,2026-06-12,4,Put,103.00,-6.59%,1.7,1.82,3234,83.82%,101.15%,0.036042,-0.241938,2026-06-08
BHVN,11.12,2027-01-15,221,Call,15.00,-34.89%,1.8,3,700,97.36%,101.09%,0.034487,0.516713,2026-06-08
AMPX,18.83,2027-01-15,221,Call,25.00,-32.77%,3.9,4.4,788,100.35%,101.01%,0.05834,0.524537,2026-06-08
INTC,110.27,2026-06-12,4,Call,104.00,+5.69%,8.2,8.5,1217,83.82%,100.98%,0.038231,0.729041,2026-06-08
INTC,110.27,2026-06-18,10,Call,140.00,-26.96%,0.68,0.76,1695,83.82%,100.92%,0.029653,0.09005,2026-06-08
APLD,40.94,2026-07-17,39,Call,50.00,-22.13%,2.37,2.67,507,102.25%,100.91%,0.048703,0.334036,2026-06-08
ARM,346.39,2026-06-26,18,Call,415.00,-19.81%,9.1,11.25,509,94.90%,100.83%,0.242329,0.245974,2026-06-08
CRWV,102.37,2026-07-17,39,Call,200.00,-95.37%,0.25,0.5,1379,88.93%,100.82%,0.023889,0.031786,2026-06-08
MRVL,288.85,2026-08-21,74,Put,260.00,-9.99%,34.6,36,585,106.04%,100.80%,0.464044,-0.318567,2026-06-08
INTC,110.27,2026-06-12,4,Call,103.00,+6.59%,8.9,9.2,584,83.82%,100.74%,0.035971,0.75888,2026-06-08
APLD,40.94,2026-07-17,39,Call,45.00,-9.92%,3.7,4.05,887,102.25%,100.68%,0.053068,0.456066,2026-06-08
STX,876.77,2026-06-18,10,Put,720.00,-17.88%,6.5,8.7,678,86.28%,100.66%,0.258227,-0.101906,2026-06-08
CRCL,82.53,2026-06-12,4,Call,90.00,-9.05%,1,1.11,1637,86.82%,100.64%,0.025702,0.221818,2026-06-08
INTC,110.27,2026-06-12,4,Call,115.00,-4.29%,2.72,2.78,26687,83.82%,100.63%,0.043421,0.365865,2026-06-08
HIMS,27.17,2026-08-21,74,Call,30.00,-10.42%,3.75,4.05,571,85.89%,100.58%,0.048789,0.509677,2026-06-08
INTC,110.27,2026-06-12,4,Call,116.00,-5.20%,2.4,2.47,4452,83.82%,100.57%,0.042066,0.335285,2026-06-08
CRCL,82.53,2026-06-12,4,Call,91.00,-10.26%,0.82,0.93,824,86.82%,100.55%,0.023569,0.191642,2026-06-08
INTC,110.27,2026-06-12,4,Put,113.00,+2.48%,6.1,6.2,595,83.82%,100.44%,0.045327,-0.570429,2026-06-08
SATS,116.62,2026-07-17,39,Call,175.00,-50.06%,2.1,2.85,1008,93.80%,100.42%,0.086688,0.144507,2026-06-08
CRCL,82.53,2026-06-12,4,Call,92.00,-11.47%,0.68,0.76,540,86.82%,100.40%,0.02138,0.164205,2026-06-08
LITE,895.4,2026-07-17,39,Call,"1,260.00",-40.72%,25.5,28.8,601,98.83%,100.34%,0.802886,0.193386,2026-06-08
INTC,110.27,2026-06-12,4,Put,112.00,+1.57%,5.5,5.6,2748,83.82%,100.32%,0.045848,-0.537083,2026-06-08
OKLO,58.94,2026-07-17,39,Put,40.00,-32.13%,0.79,1,533,97.47%,100.29%,0.03059,-0.087314,2026-06-08
INTC,110.27,2026-06-12,4,Call,114.00,-3.38%,3,3.15,3833,83.82%,100.25%,0.044503,0.396929,2026-06-08
OKLO,58.94,2026-09-18,102,Put,35.00,-40.62%,1.86,2.03,1147,97.47%,100.20%,0.05577,-0.102745,2026-06-08
INTC,110.27,2026-06-12,4,Call,112.00,-1.57%,3.8,3.9,13430,83.82%,100.19%,0.04585,0.463051,2026-06-08
INTC,110.27,2026-06-12,4,Put,104.00,-5.69%,1.97,2.06,1123,83.82%,100.19%,0.038147,-0.269732,2026-06-08
GLXY,30.51,2026-09-18,102,Call,30.00,+1.67%,6.4,7,928,103.30%,100.14%,0.061208,0.623982,2026-06-08
INTC,110.27,2026-06-12,4,Put,110.00,-0.24%,4.4,4.5,11948,83.82%,100.09%,0.045906,-0.468696,2026-06-08
CIEN,466.67,2026-06-12,4,Call,522.50,-11.96%,2.55,4.9,783,86.62%,100.07%,0.115531,0.153228,2026-06-08
INTC,110.27,2026-07-10,32,Call,180.00,-63.24%,0.67,1.06,535,83.82%,100.06%,0.042517,0.067276,2026-06-08
QCOM,217.77,2026-06-26,18,Call,290.00,-33.17%,2.17,3.05,802,81.06%,100.03%,0.096781,0.120106,2026-06-08
INTC,110.27,2026-06-12,4,Put,105.00,-4.78%,2.29,2.37,9679,83.82%,100.02%,0.040162,-0.300474,2026-06-08
MSTR,127.2,2026-07-17,39,Put,80.00,-37.11%,1.04,1.2,1344,78.12%,100.02%,0.046638,-0.055572,2026-06-08
"Downloaded from Barchart.com as of 06-08-2026 10:07pm CDT"
